{
  "_fv": 34,
  "_type": "rangeditem",
  "definition": {
    "renderType": 0,
    "texture": "pebble",
    "customModelName": "Normal",
    "name": "Throwable Pebble",
    "specialInfo": [],
    "creativeTab": {
      "value": "CUSTOM:OaksDecor"
    },
    "stackSize": 64,
    "ammoItem": {
      "value": "CUSTOM:ThrowablePebble"
    },
    "shootConstantly": false,
    "usageCount": 0,
    "actionSound": {
      "value": "entity.arrow.shoot"
    },
    "hasGlow": false,
    "animation": "none",
    "enableMeleeDamage": false,
    "damageVsEntity": 0.0,
    "bulletPower": 0.5,
    "bulletDamage": 0.0,
    "bulletKnockback": 3,
    "bulletParticles": true,
    "bulletIgnitesFire": false,
    "bulletItemTexture": {
      "value": "CUSTOM:ThrowablePebble"
    },
    "bulletModel": "Default",
    "customBulletModelTexture": "flying_rock.png",
    "onBulletHitsBlock": {
      "name": "ThrowablePebbleProjectileHitsBlock"
    }
  }
}