{
  "_fv": 34,
  "_type": "recipe",
  "definition": {
    "recipeType": "Crafting",
    "xpReward": 0.0,
    "cookingTime": 200,
    "recipeRetstackSize": 1,
    "group": "",
    "recipeShapeless": false,
    "recipeSlots": [
      {
        "value": "Blocks.MANGROVE_LOG"
      },
      {
        "value": "Blocks.MANGROVE_LOG"
      },
      {
        "value": "Blocks.MANGROVE_LOG"
      },
      {
        "value": "Blocks.MANGROVE_PLANKS"
      },
      {
        "value": "Blocks.CHEST"
      },
      {
        "value": "Blocks.MANGROVE_PLANKS"
      },
      {
        "value": "Blocks.MANGROVE_LOG"
      },
      {
        "value": "Blocks.MANGROVE_LOG"
      },
      {
        "value": "Blocks.MANGROVE_LOG"
      }
    ],
    "recipeReturnStack": {
      "value": "CUSTOM:MangroveDrawsClosed"
    },
    "name": "mangrove_draws_crafting",
    "namespace": "mod"
  }
}