{
	"credit": "Made with Blockbench",
	"parent": "acacia_draws_closed",
	"texture_size": [64, 64],
	"textures": {
		"3": "Acacia_draws_closed",
		"particle": "block/acacia_log"
	},
	"elements": [
		{
			"from": [0, 0, 0],
			"to": [16, 1, 16],
			"faces": {
				"north": {"uv": [11.25, 10.75, 15.25, 11], "texture": "#3"},
				"east": {"uv": [11.25, 11, 15.25, 11.25], "texture": "#3"},
				"south": {"uv": [11.25, 11.25, 15.25, 11.5], "texture": "#3"},
				"west": {"uv": [0, 11.5, 4, 11.75], "texture": "#3"},
				"up": {"uv": [4, 4, 0, 0], "texture": "#3"},
				"down": {"uv": [4, 4, 0, 8], "texture": "#3"}
			}
		},
		{
			"from": [0, 15, 0],
			"to": [16, 16, 16],
			"faces": {
				"north": {"uv": [11.25, 11.5, 15.25, 11.75], "texture": "#3"},
				"east": {"uv": [0, 11.75, 4, 12], "texture": "#3"},
				"south": {"uv": [11.25, 11.75, 15.25, 12], "texture": "#3"},
				"west": {"uv": [0, 12, 4, 12.25], "texture": "#3"},
				"up": {"uv": [8, 4, 4, 0], "texture": "#3"},
				"down": {"uv": [8, 4, 4, 8], "texture": "#3"}
			}
		},
		{
			"from": [0, 1, 2],
			"to": [16, 15, 15],
			"faces": {
				"north": {"uv": [0, 8, 4, 11.5], "texture": "#3"},
				"east": {"uv": [8, 6.75, 11.25, 10.25], "texture": "#3"},
				"south": {"uv": [8, 0, 12, 3.5], "texture": "#3"},
				"west": {"uv": [8, 10.25, 11.25, 13.75], "texture": "#3"},
				"up": {"uv": [12, 6.75, 8, 3.5], "texture": "#3"},
				"down": {"uv": [8, 8, 4, 11.25], "texture": "#3"}
			}
		},
		{
			"from": [1, 2, 1],
			"to": [15, 7, 2],
			"faces": {
				"north": {"uv": [11.25, 8.25, 14.75, 9.5], "texture": "#3"},
				"east": {"uv": [12, 1, 12.25, 2.25], "texture": "#3"},
				"south": {"uv": [11.25, 9.5, 14.75, 10.75], "texture": "#3"},
				"west": {"uv": [12, 2.25, 12.25, 3.5], "texture": "#3"},
				"up": {"uv": [15.5, 0.25, 12, 0], "texture": "#3"},
				"down": {"uv": [15.5, 0.25, 12, 0.5], "texture": "#3"}
			}
		},
		{
			"from": [1, 8, 1],
			"to": [15, 14, 2],
			"faces": {
				"north": {"uv": [4, 11.25, 7.5, 12.75], "texture": "#3"},
				"east": {"uv": [7.5, 11.25, 7.75, 12.75], "texture": "#3"},
				"south": {"uv": [11.25, 6.75, 14.75, 8.25], "texture": "#3"},
				"west": {"uv": [7.75, 11.25, 8, 12.75], "texture": "#3"},
				"up": {"uv": [15.5, 0.75, 12, 0.5], "texture": "#3"},
				"down": {"uv": [15.5, 0.75, 12, 1], "texture": "#3"}
			}
		},
		{
			"from": [6, 5, 0],
			"to": [10, 6, 1],
			"faces": {
				"north": {"uv": [12, 3.5, 13, 3.75], "texture": "#3"},
				"east": {"uv": [12, 5.5, 12.25, 5.75], "texture": "#3"},
				"south": {"uv": [12, 3.75, 13, 4], "texture": "#3"},
				"west": {"uv": [12, 5.75, 12.25, 6], "texture": "#3"},
				"up": {"uv": [13, 4.25, 12, 4], "texture": "#3"},
				"down": {"uv": [13, 4.25, 12, 4.5], "texture": "#3"}
			}
		},
		{
			"from": [6, 12, 0],
			"to": [10, 13, 1],
			"faces": {
				"north": {"uv": [12, 4.5, 13, 4.75], "texture": "#3"},
				"east": {"uv": [12, 6, 12.25, 6.25], "texture": "#3"},
				"south": {"uv": [12, 4.75, 13, 5], "texture": "#3"},
				"west": {"uv": [12, 6.25, 12.25, 6.5], "texture": "#3"},
				"up": {"uv": [13, 5.25, 12, 5], "texture": "#3"},
				"down": {"uv": [13, 5.25, 12, 5.5], "texture": "#3"}
			}
		}
	],
	"display": {
		"thirdperson_righthand": {
			"rotation": [-166.98, -0.38, 179.83],
			"translation": [0, 3.25, 1],
			"scale": [0.38477, 0.38477, 0.38477]
		},
		"thirdperson_lefthand": {
			"rotation": [-166.98, -0.38, 179.83],
			"translation": [0, 3.25, 1],
			"scale": [0.38477, 0.38477, 0.38477]
		},
		"firstperson_righthand": {
			"rotation": [167, 37.25, -180],
			"translation": [0, 3.75, 0],
			"scale": [0.52734, 0.52734, 0.52734]
		},
		"firstperson_lefthand": {
			"rotation": [167, 37.25, -180],
			"translation": [0, 3.75, 0],
			"scale": [0.52734, 0.52734, 0.52734]
		},
		"ground": {
			"translation": [0, 0.75, 0],
			"scale": [0.44, 0.44, 0.44]
		},
		"gui": {
			"rotation": [17.25, 30.75, 0],
			"translation": [0, -0.25, 0],
			"scale": [0.68164, 0.68164, -0.68164]
		},
		"head": {
			"translation": [0, 0, -1.25]
		},
		"fixed": {
			"translation": [0, 0.5, 0],
			"scale": [0.54102, 0.54102, 0.54102]
		}
	}
}