{
	"credit": "Made with Blockbench",
	"parent": "acacia_draws_open",
	"texture_size": [64, 64],
	"textures": {
		"3": "Acacia_draws_open",
		"particle": "block/acacia_log"
	},
	"elements": [
		{
			"from": [0, 0, 0],
			"to": [16, 1, 16],
			"faces": {
				"north": {"uv": [12, 0.75, 16, 1], "texture": "#3"},
				"east": {"uv": [12, 1, 16, 1.25], "texture": "#3"},
				"south": {"uv": [12, 1.25, 16, 1.5], "texture": "#3"},
				"west": {"uv": [12, 1.5, 16, 1.75], "texture": "#3"},
				"up": {"uv": [4, 4, 0, 0], "texture": "#3"},
				"down": {"uv": [4, 4, 0, 8], "texture": "#3"}
			}
		},
		{
			"from": [0, 15, 0],
			"to": [16, 16, 16],
			"faces": {
				"north": {"uv": [12, 1.75, 16, 2], "texture": "#3"},
				"east": {"uv": [12, 2, 16, 2.25], "texture": "#3"},
				"south": {"uv": [12, 2.25, 16, 2.5], "texture": "#3"},
				"west": {"uv": [12, 2.5, 16, 2.75], "texture": "#3"},
				"up": {"uv": [8, 4, 4, 0], "texture": "#3"},
				"down": {"uv": [8, 4, 4, 8], "texture": "#3"}
			}
		},
		{
			"from": [0, 1, 2],
			"to": [16, 15, 15],
			"faces": {
				"north": {"uv": [0, 8, 4, 11.5], "texture": "#3"},
				"east": {"uv": [8, 6.75, 11.25, 10.25], "texture": "#3"},
				"south": {"uv": [8, 0, 12, 3.5], "texture": "#3"},
				"west": {"uv": [8, 10.25, 11.25, 13.75], "texture": "#3"},
				"up": {"uv": [12, 6.75, 8, 3.5], "texture": "#3"},
				"down": {"uv": [8, 8, 4, 11.25], "texture": "#3"}
			}
		},
		{
			"from": [1, 2, -2],
			"to": [15, 7, -1],
			"faces": {
				"north": {"uv": [11.25, 8.25, 14.75, 9.5], "texture": "#3"},
				"east": {"uv": [3.5, 11.5, 3.75, 12.75], "texture": "#3"},
				"south": {"uv": [11.25, 9.5, 14.75, 10.75], "texture": "#3"},
				"west": {"uv": [3.75, 11.5, 4, 12.75], "texture": "#3"},
				"up": {"uv": [15.5, 3, 12, 2.75], "texture": "#3"},
				"down": {"uv": [15.5, 3, 12, 3.25], "texture": "#3"}
			}
		},
		{
			"from": [1, 8, 1],
			"to": [15, 14, 2],
			"faces": {
				"north": {"uv": [4, 11.25, 7.5, 12.75], "texture": "#3"},
				"east": {"uv": [7.5, 11.25, 7.75, 12.75], "texture": "#3"},
				"south": {"uv": [11.25, 6.75, 14.75, 8.25], "texture": "#3"},
				"west": {"uv": [7.75, 11.25, 8, 12.75], "texture": "#3"},
				"up": {"uv": [15.5, 3.5, 12, 3.25], "texture": "#3"},
				"down": {"uv": [15.5, 3.5, 12, 3.75], "texture": "#3"}
			}
		},
		{
			"from": [6, 5, -3],
			"to": [10, 6, -2],
			"faces": {
				"north": {"uv": [0, 12.75, 1, 13], "texture": "#3"},
				"east": {"uv": [12.75, 6.5, 13, 6.75], "texture": "#3"},
				"south": {"uv": [1, 12.75, 2, 13], "texture": "#3"},
				"west": {"uv": [7, 12.75, 7.25, 13], "texture": "#3"},
				"up": {"uv": [3, 13, 2, 12.75], "texture": "#3"},
				"down": {"uv": [4, 12.75, 3, 13], "texture": "#3"}
			}
		},
		{
			"from": [6, 12, 0],
			"to": [10, 13, 1],
			"faces": {
				"north": {"uv": [12.75, 3.75, 13.75, 4], "texture": "#3"},
				"east": {"uv": [7.25, 12.75, 7.5, 13], "texture": "#3"},
				"south": {"uv": [4, 12.75, 5, 13], "texture": "#3"},
				"west": {"uv": [7.5, 12.75, 7.75, 13], "texture": "#3"},
				"up": {"uv": [13.75, 4.25, 12.75, 4], "texture": "#3"},
				"down": {"uv": [13.75, 4.25, 12.75, 4.5], "texture": "#3"}
			}
		},
		{
			"from": [1.5, 2, -1],
			"to": [2.5, 6, 2],
			"faces": {
				"north": {"uv": [12.75, 4.5, 13, 5.5], "texture": "#3"},
				"east": {"uv": [2.75, 11.5, 3.5, 12.5], "texture": "#3"},
				"south": {"uv": [5, 12.75, 5.25, 13.75], "texture": "#3"},
				"west": {"uv": [12, 3.75, 12.75, 4.75], "texture": "#3"},
				"up": {"uv": [13, 6.25, 12.75, 5.5], "texture": "#3"},
				"down": {"uv": [6, 12.75, 5.75, 13.5], "texture": "#3"}
			}
		},
		{
			"from": [13.5, 2, -1],
			"to": [14.5, 6, 2],
			"faces": {
				"north": {"uv": [5.25, 12.75, 5.5, 13.75], "texture": "#3"},
				"east": {"uv": [12, 4.75, 12.75, 5.75], "texture": "#3"},
				"south": {"uv": [5.5, 12.75, 5.75, 13.75], "texture": "#3"},
				"west": {"uv": [12, 5.75, 12.75, 6.75], "texture": "#3"},
				"up": {"uv": [6.25, 13.5, 6, 12.75], "texture": "#3"},
				"down": {"uv": [6.5, 12.75, 6.25, 13.5], "texture": "#3"}
			}
		},
		{
			"from": [2.5, 2, -1],
			"to": [13.5, 3, 2],
			"faces": {
				"north": {"uv": [0, 12.25, 2.75, 12.5], "texture": "#3"},
				"east": {"uv": [2.75, 12.5, 3.5, 12.75], "texture": "#3"},
				"south": {"uv": [11.25, 12.25, 14, 12.5], "texture": "#3"},
				"west": {"uv": [12.75, 6.25, 13.5, 6.5], "texture": "#3"},
				"up": {"uv": [14, 11.5, 11.25, 10.75], "texture": "#3"},
				"down": {"uv": [2.75, 11.5, 0, 12.25], "texture": "#3"}
			}
		},
		{
			"from": [2.5, 3, 1.9],
			"to": [13.5, 6, 2],
			"faces": {
				"north": {"uv": [11.25, 11.5, 14, 12.25], "texture": "#3"},
				"east": {"uv": [6.5, 12.75, 6.75, 13.5], "texture": "#3"},
				"south": {"uv": [12, 0, 14.75, 0.75], "texture": "#3"},
				"west": {"uv": [6.75, 12.75, 7, 13.5], "texture": "#3"},
				"up": {"uv": [2.75, 12.75, 0, 12.5], "texture": "#3"},
				"down": {"uv": [14, 12.5, 11.25, 12.75], "texture": "#3"}
			}
		}
	],
	"display": {
		"thirdperson_righthand": {
			"rotation": [-166.98, -0.38, 179.83],
			"translation": [0, 3.25, 1],
			"scale": [0.38477, 0.38477, 0.38477]
		},
		"thirdperson_lefthand": {
			"rotation": [-166.98, -0.38, 179.83],
			"translation": [0, 3.25, 1],
			"scale": [0.38477, 0.38477, 0.38477]
		},
		"firstperson_righthand": {
			"rotation": [167, 37.25, -180],
			"translation": [0, 3.75, 0],
			"scale": [0.52734, 0.52734, 0.52734]
		},
		"firstperson_lefthand": {
			"rotation": [167, 37.25, -180],
			"translation": [0, 3.75, 0],
			"scale": [0.52734, 0.52734, 0.52734]
		},
		"ground": {
			"translation": [0, 0.75, 0],
			"scale": [0.44, 0.44, 0.44]
		},
		"gui": {
			"rotation": [17.25, 30.75, 0],
			"translation": [0, -0.25, 0],
			"scale": [0.68164, 0.68164, -0.68164]
		},
		"head": {
			"translation": [0, 0, -1.25]
		},
		"fixed": {
			"translation": [0, 0.5, 0],
			"scale": [0.54102, 0.54102, 0.54102]
		}
	}
}