{
	"credit": "Made with Blockbench",
	"textures": {
		"7": "block/azalea_leaves",
		"particle": "block/birch_leaves"
	},
	"elements": [
		{
			"from": [0, 0, 0],
			"to": [16, 1, 16],
			"faces": {
				"north": {"uv": [0, 0, 16, 1], "texture": "#7"},
				"east": {"uv": [0, 0, 16, 1], "texture": "#7"},
				"south": {"uv": [0, 0, 16, 1], "texture": "#7"},
				"west": {"uv": [0, 0, 16, 1], "texture": "#7"},
				"up": {"uv": [0, 0, 16, 16], "texture": "#7"},
				"down": {"uv": [0, 0, 16, 16], "texture": "#7"}
			}
		}
	],
	"display": {
		"thirdperson_righthand": {
			"rotation": [103.75, 0, 0],
			"translation": [0, 1.75, 4.75],
			"scale": [0.43, 0.43, 0.43]
		},
		"thirdperson_lefthand": {
			"rotation": [100.75, 0, 0],
			"translation": [0, 1.25, 4.75],
			"scale": [0.43, 0.43, 0.43]
		},
		"firstperson_righthand": {
			"translation": [1.75, 6.75, 0]
		},
		"firstperson_lefthand": {
			"translation": [1.75, 6.75, 0]
		},
		"ground": {
			"translation": [0, 2, 0],
			"scale": [0.43, 0.43, 0.43]
		},
		"gui": {
			"rotation": [-156.84, -37.9, 174.57],
			"translation": [-0.5, 1.5, 0],
			"scale": [0.64969, 0.64969, 0.64969]
		},
		"head": {
			"translation": [0, 15.25, 0]
		},
		"fixed": {
			"translation": [0, 0, -0.5],
			"scale": [0.72, 0.72, 0.72]
		}
	}
}