{
	"credit": "Made with Blockbench",
	"texture_size": [64, 64],
	"textures": {
		"2": "birch_table",
		"particle": "birch_table"
	},
	"elements": [
		{
			"from": [6, 0, 6],
			"to": [10, 14, 10],
			"faces": {
				"north": {"uv": [4, 0, 5, 3.5], "texture": "#2"},
				"east": {"uv": [4, 3.5, 5, 7], "texture": "#2"},
				"south": {"uv": [5, 0, 6, 3.5], "texture": "#2"},
				"west": {"uv": [5, 3.5, 6, 7], "texture": "#2"},
				"up": {"uv": [7, 3, 6, 2], "texture": "#2"},
				"down": {"uv": [7, 3, 6, 4], "texture": "#2"}
			}
		},
		{
			"from": [0, 14, 0],
			"to": [16, 16, 16],
			"faces": {
				"north": {"uv": [6, 0, 10, 0.5], "texture": "#2"},
				"east": {"uv": [6, 0.5, 10, 1], "texture": "#2"},
				"south": {"uv": [6, 1, 10, 1.5], "texture": "#2"},
				"west": {"uv": [6, 1.5, 10, 2], "texture": "#2"},
				"up": {"uv": [4, 4, 0, 0], "texture": "#2"},
				"down": {"uv": [4, 4, 0, 8], "texture": "#2"}
			}
		}
	],
	"display": {
		"thirdperson_righthand": {
			"translation": [0, 2.75, 1.75],
			"scale": [0.50586, 0.50586, 0.50586]
		},
		"thirdperson_lefthand": {
			"scale": [0.50586, 0.50586, 0.50586]
		},
		"firstperson_righthand": {
			"scale": [0.60156, 0.60156, 0.60156]
		},
		"firstperson_lefthand": {
			"scale": [0.60156, 0.60156, 0.60156]
		},
		"ground": {
			"translation": [0, 5, 0],
			"scale": [0.60156, 0.60156, 0.60156]
		},
		"gui": {
			"rotation": [26.5, 17.75, 0],
			"translation": [0, -0.5, 0],
			"scale": [0.61133, 0.61133, -0.61133]
		},
		"fixed": {
			"scale": [0.53125, 0.53125, 0.53125]
		}
	}
}