{
	"credit": "Made with Blockbench",
	"parent": "book_stack",
	"texture_size": [64, 64],
	"textures": {
		"2": "Model Textures/book_stack",
		"particle": "block/debug"
	},
	"elements": [
		{
			"from": [4, 0, 4],
			"to": [12, 1, 16],
			"rotation": {"angle": 0, "axis": "y", "origin": [10, 0, 10]},
			"faces": {
				"north": {"uv": [9.75, 8, 11.75, 8.25], "texture": "#2"},
				"east": {"uv": [3.5, 9.75, 6.5, 10], "texture": "#2"},
				"south": {"uv": [9.75, 8.25, 11.75, 8.5], "texture": "#2"},
				"west": {"uv": [9.75, 3.75, 12.75, 4], "texture": "#2"},
				"up": {"uv": [2, 3, 0, 0], "texture": "#2"},
				"down": {"uv": [4, 0, 2, 3], "texture": "#2"}
			}
		},
		{
			"from": [5, 1, 5],
			"to": [12, 2, 15],
			"rotation": {"angle": 0, "axis": "y", "origin": [10, 1, 10]},
			"faces": {
				"north": {"uv": [8, 10.25, 9.75, 10.5], "texture": "#2"},
				"east": {"uv": [9.75, 6.5, 12.25, 6.75], "texture": "#2"},
				"south": {"uv": [9.75, 10.25, 11.5, 10.5], "texture": "#2"},
				"west": {"uv": [9.75, 6.75, 12.25, 7], "texture": "#2"},
				"up": {"uv": [9.75, 2.5, 8, 0], "texture": "#2"},
				"down": {"uv": [9.75, 2.5, 8, 5], "texture": "#2"}
			}
		},
		{
			"from": [4, 2, 4],
			"to": [12, 3, 16],
			"rotation": {"angle": 0, "axis": "y", "origin": [10, 2, 10]},
			"faces": {
				"north": {"uv": [9.75, 8.5, 11.75, 8.75], "texture": "#2"},
				"east": {"uv": [9.75, 4, 12.75, 4.25], "texture": "#2"},
				"south": {"uv": [9.75, 8.75, 11.75, 9], "texture": "#2"},
				"west": {"uv": [9.75, 4.25, 12.75, 4.5], "texture": "#2"},
				"up": {"uv": [2, 6, 0, 3], "texture": "#2"},
				"down": {"uv": [4, 3, 2, 6], "texture": "#2"}
			}
		},
		{
			"from": [12, 0.25, 4],
			"to": [12.25, 2.75, 16],
			"rotation": {"angle": 0, "axis": "y", "origin": [10, 0, 10]},
			"faces": {
				"north": {"uv": [6, 10, 6.25, 10.75], "texture": "#2"},
				"east": {"uv": [9.75, 0.75, 12.75, 1.5], "texture": "#2"},
				"south": {"uv": [6.25, 10, 6.5, 10.75], "texture": "#2"},
				"west": {"uv": [9.75, 1.5, 12.75, 2.25], "texture": "#2"},
				"up": {"uv": [7.25, 12, 7, 9], "texture": "#2"},
				"down": {"uv": [7.5, 9, 7.25, 12], "texture": "#2"}
			}
		},
		{
			"from": [12, 3.25, 4],
			"to": [12.25, 5.75, 16],
			"rotation": {"angle": 22.5, "axis": "y", "origin": [10, 3, 10]},
			"faces": {
				"north": {"uv": [5.25, 10.5, 5.5, 11.25], "texture": "#2"},
				"east": {"uv": [9.75, 2.25, 12.75, 3], "texture": "#2"},
				"south": {"uv": [5.5, 10.75, 5.75, 11.5], "texture": "#2"},
				"west": {"uv": [9.75, 3, 12.75, 3.75], "texture": "#2"},
				"up": {"uv": [7.75, 12, 7.5, 9], "texture": "#2"},
				"down": {"uv": [8, 9, 7.75, 12], "texture": "#2"}
			}
		},
		{
			"from": [4, 5, 4],
			"to": [12, 6, 16],
			"rotation": {"angle": 22.5, "axis": "y", "origin": [10, 5, 10]},
			"faces": {
				"north": {"uv": [9.75, 9, 11.75, 9.25], "texture": "#2"},
				"east": {"uv": [9.75, 4.5, 12.75, 4.75], "texture": "#2"},
				"south": {"uv": [9.75, 9.25, 11.75, 9.5], "texture": "#2"},
				"west": {"uv": [9.75, 4.75, 12.75, 5], "texture": "#2"},
				"up": {"uv": [6, 3, 4, 0], "texture": "#2"},
				"down": {"uv": [6, 3, 4, 6], "texture": "#2"}
			}
		},
		{
			"from": [5, 4, 5],
			"to": [12, 5, 15],
			"rotation": {"angle": 22.5, "axis": "y", "origin": [10, 4, 10]},
			"faces": {
				"north": {"uv": [3.5, 10.5, 5.25, 10.75], "texture": "#2"},
				"east": {"uv": [9.75, 7, 12.25, 7.25], "texture": "#2"},
				"south": {"uv": [8, 10.5, 9.75, 10.75], "texture": "#2"},
				"west": {"uv": [9.75, 7.25, 12.25, 7.5], "texture": "#2"},
				"up": {"uv": [9.75, 7.5, 8, 5], "texture": "#2"},
				"down": {"uv": [9.75, 7.5, 8, 10], "texture": "#2"}
			}
		},
		{
			"from": [4, 3, 4],
			"to": [12, 4, 16],
			"rotation": {"angle": 22.5, "axis": "y", "origin": [10, 3, 10]},
			"faces": {
				"north": {"uv": [9.75, 9.5, 11.75, 9.75], "texture": "#2"},
				"east": {"uv": [9.75, 5, 12.75, 5.25], "texture": "#2"},
				"south": {"uv": [9.75, 9.75, 11.75, 10], "texture": "#2"},
				"west": {"uv": [9.75, 5.25, 12.75, 5.5], "texture": "#2"},
				"up": {"uv": [2, 9, 0, 6], "texture": "#2"},
				"down": {"uv": [8, 0, 6, 3], "texture": "#2"}
			}
		},
		{
			"from": [4, 6, 4],
			"to": [12, 7, 16],
			"rotation": {"angle": -22.5, "axis": "y", "origin": [10, 6, 10]},
			"faces": {
				"north": {"uv": [3.5, 10, 5.5, 10.25], "texture": "#2"},
				"east": {"uv": [9.75, 5.5, 12.75, 5.75], "texture": "#2"},
				"south": {"uv": [8, 10, 10, 10.25], "texture": "#2"},
				"west": {"uv": [9.75, 5.75, 12.75, 6], "texture": "#2"},
				"up": {"uv": [4, 9, 2, 6], "texture": "#2"},
				"down": {"uv": [8, 3, 6, 6], "texture": "#2"}
			}
		},
		{
			"from": [5, 7, 5],
			"to": [12, 8, 15],
			"rotation": {"angle": -22.5, "axis": "y", "origin": [10, 7, 10]},
			"faces": {
				"north": {"uv": [9.75, 10.5, 11.5, 10.75], "texture": "#2"},
				"east": {"uv": [9.75, 7.5, 12.25, 7.75], "texture": "#2"},
				"south": {"uv": [3.5, 10.75, 5.25, 11], "texture": "#2"},
				"west": {"uv": [9.75, 7.75, 12.25, 8], "texture": "#2"},
				"up": {"uv": [1.75, 11.5, 0, 9], "texture": "#2"},
				"down": {"uv": [3.5, 9, 1.75, 11.5], "texture": "#2"}
			}
		},
		{
			"from": [4, 8, 4],
			"to": [12, 9, 16],
			"rotation": {"angle": -22.5, "axis": "y", "origin": [10, 8, 10]},
			"faces": {
				"north": {"uv": [10, 10, 12, 10.25], "texture": "#2"},
				"east": {"uv": [9.75, 6, 12.75, 6.25], "texture": "#2"},
				"south": {"uv": [3.5, 10.25, 5.5, 10.5], "texture": "#2"},
				"west": {"uv": [9.75, 6.25, 12.75, 6.5], "texture": "#2"},
				"up": {"uv": [6, 9, 4, 6], "texture": "#2"},
				"down": {"uv": [8, 6, 6, 9], "texture": "#2"}
			}
		},
		{
			"from": [12, 6.25, 4],
			"to": [12.25, 8.75, 16],
			"rotation": {"angle": -22.5, "axis": "y", "origin": [10, 6, 10]},
			"faces": {
				"north": {"uv": [5.5, 10, 5.75, 10.75], "texture": "#2"},
				"east": {"uv": [3.5, 9, 6.5, 9.75], "texture": "#2"},
				"south": {"uv": [5.75, 10, 6, 10.75], "texture": "#2"},
				"west": {"uv": [9.75, 0, 12.75, 0.75], "texture": "#2"},
				"up": {"uv": [6.75, 12, 6.5, 9], "texture": "#2"},
				"down": {"uv": [7, 9, 6.75, 12], "texture": "#2"}
			}
		}
	],
	"display": {
		"thirdperson_righthand": {
			"translation": [0, 3.5, 1.5],
			"scale": [0.41, 0.41, 0.41]
		},
		"thirdperson_lefthand": {
			"translation": [0, 3.75, 2.5],
			"scale": [0.41, 0.41, 0.41]
		},
		"firstperson_righthand": {
			"translation": [0, 7.25, 0]
		},
		"firstperson_lefthand": {
			"translation": [0, 8.75, 0]
		},
		"ground": {
			"translation": [0, 0.5, 0],
			"scale": [0.41, 0.41, 0.41]
		},
		"gui": {
			"rotation": [13.99, 23.22, -7.26],
			"translation": [0, 3.25, 0]
		},
		"head": {
			"translation": [0, 14.5, 0]
		}
	}
}