{
	"credit": "Made with Blockbench",
	"parent": "book_stack",
	"texture_size": [64, 64],
	"textures": {
		"4": "Model Textures/bookstack_4",
		"particle": "block/debug"
	},
	"elements": [
		{
			"from": [0.35, 0.05, 7.9],
			"to": [1.35, 12.05, 15.9],
			"rotation": {"angle": 0, "axis": "y", "origin": [8, 7.75, 8]},
			"faces": {
				"north": {"uv": [5.5, 11.5, 5.75, 14.5], "texture": "#4"},
				"east": {"uv": [0, 0, 2, 3], "texture": "#4"},
				"south": {"uv": [5.75, 11.5, 6, 14.5], "texture": "#4"},
				"west": {"uv": [2, 0, 4, 3], "texture": "#4"},
				"up": {"uv": [1, 14, 0.75, 12], "texture": "#4"},
				"down": {"uv": [1.25, 12, 1, 14], "texture": "#4"}
			}
		},
		{
			"from": [15.4, 0, 8],
			"to": [16.4, 12, 16],
			"rotation": {"angle": 22.5, "axis": "z", "origin": [15.1, 1, 11.5]},
			"faces": {
				"north": {"uv": [6, 11.5, 6.25, 14.5], "texture": "#4"},
				"east": {"uv": [0, 3, 2, 6], "texture": "#4"},
				"south": {"uv": [6.25, 11.5, 6.5, 14.5], "texture": "#4"},
				"west": {"uv": [2, 3, 4, 6], "texture": "#4"},
				"up": {"uv": [1.5, 14, 1.25, 12], "texture": "#4"},
				"down": {"uv": [1.75, 12, 1.5, 14], "texture": "#4"}
			}
		},
		{
			"from": [14.4, 1, 8],
			"to": [15.4, 11, 15],
			"rotation": {"angle": 22.5, "axis": "z", "origin": [15.1, 1, 11.5]},
			"faces": {
				"north": {"uv": [11.75, 3, 12, 5.5], "texture": "#4"},
				"east": {"uv": [2, 9, 3.75, 11.5], "texture": "#4"},
				"south": {"uv": [11.75, 5.5, 12, 8], "texture": "#4"},
				"west": {"uv": [3.75, 9, 5.5, 11.5], "texture": "#4"},
				"up": {"uv": [12.5, 13.75, 12.25, 12], "texture": "#4"},
				"down": {"uv": [12.75, 0, 12.5, 1.75], "texture": "#4"}
			}
		},
		{
			"from": [13.4, 0, 8],
			"to": [14.4, 12, 16],
			"rotation": {"angle": 22.5, "axis": "z", "origin": [15.1, 1, 11.5]},
			"faces": {
				"north": {"uv": [6.5, 11.5, 6.75, 14.5], "texture": "#4"},
				"east": {"uv": [4, 0, 6, 3], "texture": "#4"},
				"south": {"uv": [6.75, 11.5, 7, 14.5], "texture": "#4"},
				"west": {"uv": [4, 3, 6, 6], "texture": "#4"},
				"up": {"uv": [2, 14, 1.75, 12], "texture": "#4"},
				"down": {"uv": [12.25, 2.5, 12, 4.5], "texture": "#4"}
			}
		},
		{
			"from": [13.65, 0, 7.75],
			"to": [16.15, 12, 8],
			"rotation": {"angle": 22.5, "axis": "z", "origin": [15.1, 1, 11.5]},
			"faces": {
				"north": {"uv": [3.5, 11.5, 4, 14.5], "texture": "#4"},
				"east": {"uv": [7, 11.5, 7.25, 14.5], "texture": "#4"},
				"south": {"uv": [4, 11.5, 4.5, 14.5], "texture": "#4"},
				"west": {"uv": [7.25, 11.5, 7.5, 14.5], "texture": "#4"},
				"up": {"uv": [10.5, 8.75, 10, 8.5], "texture": "#4"},
				"down": {"uv": [10.5, 8.75, 10, 9], "texture": "#4"}
			}
		},
		{
			"from": [3.6, 0.05, 7.75],
			"to": [6.1, 12.05, 8],
			"rotation": {"angle": 0, "axis": "y", "origin": [8.5, 1.25, 8]},
			"faces": {
				"north": {"uv": [4.5, 11.5, 5, 14.5], "texture": "#4"},
				"east": {"uv": [7.5, 11.5, 7.75, 14.5], "texture": "#4"},
				"south": {"uv": [5, 11.5, 5.5, 14.5], "texture": "#4"},
				"west": {"uv": [11.5, 7.5, 11.75, 10.5], "texture": "#4"},
				"up": {"uv": [13, 12.5, 12.5, 12.25], "texture": "#4"},
				"down": {"uv": [13, 12.5, 12.5, 12.75], "texture": "#4"}
			}
		},
		{
			"from": [3.35, 0.05, 8],
			"to": [4.35, 12.05, 16],
			"rotation": {"angle": 0, "axis": "y", "origin": [8.5, 1.25, 8]},
			"faces": {
				"north": {"uv": [7.75, 11.5, 8, 14.5], "texture": "#4"},
				"east": {"uv": [0, 6, 2, 9], "texture": "#4"},
				"south": {"uv": [8, 11.5, 8.25, 14.5], "texture": "#4"},
				"west": {"uv": [6, 0, 8, 3], "texture": "#4"},
				"up": {"uv": [12.25, 6.5, 12, 4.5], "texture": "#4"},
				"down": {"uv": [12.25, 6.5, 12, 8.5], "texture": "#4"}
			}
		},
		{
			"from": [4.35, 1.05, 8],
			"to": [5.35, 11.05, 15],
			"rotation": {"angle": 0, "axis": "y", "origin": [8.5, 1.25, 8]},
			"faces": {
				"north": {"uv": [11.75, 8, 12, 10.5], "texture": "#4"},
				"east": {"uv": [5.5, 9, 7.25, 11.5], "texture": "#4"},
				"south": {"uv": [11.75, 10.5, 12, 13], "texture": "#4"},
				"west": {"uv": [7.25, 9, 9, 11.5], "texture": "#4"},
				"up": {"uv": [12.75, 3.5, 12.5, 1.75], "texture": "#4"},
				"down": {"uv": [12.75, 3.5, 12.5, 5.25], "texture": "#4"}
			}
		},
		{
			"from": [5.35, 0.05, 8],
			"to": [6.35, 12.05, 16],
			"rotation": {"angle": 0, "axis": "y", "origin": [8.5, 1.25, 8]},
			"faces": {
				"north": {"uv": [8.25, 11.5, 8.5, 14.5], "texture": "#4"},
				"east": {"uv": [2, 6, 4, 9], "texture": "#4"},
				"south": {"uv": [8.5, 11.5, 8.75, 14.5], "texture": "#4"},
				"west": {"uv": [6, 3, 8, 6], "texture": "#4"},
				"up": {"uv": [12.25, 10.5, 12, 8.5], "texture": "#4"},
				"down": {"uv": [12.25, 10.5, 12, 12.5], "texture": "#4"}
			}
		},
		{
			"from": [2.35, 0.05, 7.9],
			"to": [3.35, 12.05, 15.9],
			"rotation": {"angle": 0, "axis": "y", "origin": [8, 7.75, 8]},
			"faces": {
				"north": {"uv": [8.75, 11.5, 9, 14.5], "texture": "#4"},
				"east": {"uv": [4, 6, 6, 9], "texture": "#4"},
				"south": {"uv": [9, 11.5, 9.25, 14.5], "texture": "#4"},
				"west": {"uv": [6, 6, 8, 9], "texture": "#4"},
				"up": {"uv": [12.5, 2, 12.25, 0], "texture": "#4"},
				"down": {"uv": [12.5, 2, 12.25, 4], "texture": "#4"}
			}
		},
		{
			"from": [1.35, 1.05, 7.9],
			"to": [2.35, 11.05, 14.9],
			"rotation": {"angle": 0, "axis": "y", "origin": [8, 7.75, 8]},
			"faces": {
				"north": {"uv": [0, 12, 0.25, 14.5], "texture": "#4"},
				"east": {"uv": [9, 9, 10.75, 11.5], "texture": "#4"},
				"south": {"uv": [12, 0, 12.25, 2.5], "texture": "#4"},
				"west": {"uv": [10, 0, 11.75, 2.5], "texture": "#4"},
				"up": {"uv": [12.75, 7, 12.5, 5.25], "texture": "#4"},
				"down": {"uv": [12.75, 7, 12.5, 8.75], "texture": "#4"}
			}
		},
		{
			"from": [0.6, 0.05, 7.65],
			"to": [3.1, 12.05, 7.9],
			"rotation": {"angle": 0, "axis": "y", "origin": [8, 7.75, 8]},
			"faces": {
				"north": {"uv": [10.75, 7.5, 11.5, 10.5], "texture": "#4"},
				"east": {"uv": [9.25, 11.5, 9.5, 14.5], "texture": "#4"},
				"south": {"uv": [10.75, 10.5, 11.5, 13.5], "texture": "#4"},
				"west": {"uv": [9.5, 11.5, 9.75, 14.5], "texture": "#4"},
				"up": {"uv": [10.75, 7.75, 10, 7.5], "texture": "#4"},
				"down": {"uv": [10.75, 7.75, 10, 8], "texture": "#4"}
			}
		},
		{
			"from": [6.35, 0.05, 8.1],
			"to": [7.35, 12.05, 16.1],
			"rotation": {"angle": 0, "axis": "y", "origin": [-10, 7.75, 8]},
			"faces": {
				"north": {"uv": [9.75, 11.5, 10, 14.5], "texture": "#4"},
				"east": {"uv": [8, 0, 10, 3], "texture": "#4"},
				"south": {"uv": [10, 11.5, 10.25, 14.5], "texture": "#4"},
				"west": {"uv": [8, 3, 10, 6], "texture": "#4"},
				"up": {"uv": [12.5, 6, 12.25, 4], "texture": "#4"},
				"down": {"uv": [12.5, 6, 12.25, 8], "texture": "#4"}
			}
		},
		{
			"from": [7.35, 1.05, 8.1],
			"to": [8.35, 11.05, 15.1],
			"rotation": {"angle": 0, "axis": "y", "origin": [-10, 7.75, 8]},
			"faces": {
				"north": {"uv": [0.25, 12, 0.5, 14.5], "texture": "#4"},
				"east": {"uv": [10, 2.5, 11.75, 5], "texture": "#4"},
				"south": {"uv": [0.5, 12, 0.75, 14.5], "texture": "#4"},
				"west": {"uv": [10, 5, 11.75, 7.5], "texture": "#4"},
				"up": {"uv": [12.75, 10.5, 12.5, 8.75], "texture": "#4"},
				"down": {"uv": [12.75, 10.5, 12.5, 12.25], "texture": "#4"}
			}
		},
		{
			"from": [8.35, 0.05, 8.1],
			"to": [9.35, 12.05, 16.1],
			"rotation": {"angle": 0, "axis": "y", "origin": [-10, 7.75, 8]},
			"faces": {
				"north": {"uv": [10.25, 11.5, 10.5, 14.5], "texture": "#4"},
				"east": {"uv": [8, 6, 10, 9], "texture": "#4"},
				"south": {"uv": [10.5, 11.5, 10.75, 14.5], "texture": "#4"},
				"west": {"uv": [0, 9, 2, 12], "texture": "#4"},
				"up": {"uv": [12.5, 10, 12.25, 8], "texture": "#4"},
				"down": {"uv": [12.5, 10, 12.25, 12], "texture": "#4"}
			}
		},
		{
			"from": [6.6, 0.05, 7.85],
			"to": [9.1, 12.05, 8.1],
			"rotation": {"angle": 0, "axis": "y", "origin": [-10, 7.75, 8]},
			"faces": {
				"north": {"uv": [2, 11.5, 2.75, 14.5], "texture": "#4"},
				"east": {"uv": [11.5, 10.5, 11.75, 13.5], "texture": "#4"},
				"south": {"uv": [2.75, 11.5, 3.5, 14.5], "texture": "#4"},
				"west": {"uv": [11.75, 0, 12, 3], "texture": "#4"},
				"up": {"uv": [10.75, 8.25, 10, 8], "texture": "#4"},
				"down": {"uv": [10.75, 8.25, 10, 8.5], "texture": "#4"}
			}
		}
	],
	"display": {
		"thirdperson_righthand": {
			"translation": [0, 3.5, 1.5],
			"scale": [0.41, 0.41, 0.41]
		},
		"thirdperson_lefthand": {
			"translation": [0, 3.75, 2.5],
			"scale": [0.41, 0.41, 0.41]
		},
		"firstperson_righthand": {
			"translation": [0, 7.25, 0]
		},
		"firstperson_lefthand": {
			"translation": [0, 8.75, 0]
		},
		"ground": {
			"translation": [0, 0.5, 0],
			"scale": [0.41, 0.41, 0.41]
		},
		"gui": {
			"rotation": [10.53, 17.81, 1.37],
			"translation": [-0.5, 2, 0],
			"scale": [0.82813, 0.82813, 0.82813]
		},
		"head": {
			"translation": [0, 14.5, 0]
		}
	},
	"groups": [
		{
			"name": "book_stack2",
			"origin": [8, 8, 8],
			"color": 0,
			"children": [0, 1, 2, 3, 4, 5, 6, 7, 8, 9, 10, 11, 12, 13, 14, 15]
		}
	]
}