{
  "_fv": 30,
  "_type": "recipe",
  "definition": {
    "recipeType": "Crafting",
    "xpReward": 0.0,
    "cookingTime": 200,
    "recipeRetstackSize": 8,
    "group": "",
    "recipeShapeless": false,
    "recipeSlots": [
      {
        "value": "Blocks.POLISHED_BLACKSTONE_BRICKS"
      },
      {
        "value": "Blocks.POLISHED_BLACKSTONE_BRICKS"
      },
      {
        "value": "Blocks.POLISHED_BLACKSTONE_BRICKS"
      },
      {
        "value": "Blocks.POLISHED_BLACKSTONE_BRICKS"
      },
      {
        "value": "Blocks.WEEPING_VINES"
      },
      {
        "value": "Blocks.POLISHED_BLACKSTONE_BRICKS"
      },
      {
        "value": "Blocks.POLISHED_BLACKSTONE_BRICKS"
      },
      {
        "value": "Blocks.POLISHED_BLACKSTONE_BRICKS"
      },
      {
        "value": "Blocks.POLISHED_BLACKSTONE_BRICKS"
      }
    ],
    "recipeReturnStack": {
      "value": "CUSTOM:CrimsonBlackstoneBricks"
    },
    "name": "crimson_blackstone_crafting",
    "namespace": "mod"
  }
}