{
  "_fv": 30,
  "_type": "achievement",
  "definition": {
    "achievementName": "Home Decor",
    "achievementDescription": "Place Some Decoration Blocks",
    "achievementIcon": {
      "value": "CUSTOM:OakDrawsClosed"
    },
    "background": "bricks.png",
    "disableDisplay": false,
    "showPopup": true,
    "announceToChat": true,
    "hideIfNotCompleted": true,
    "rewardLoot": [],
    "rewardRecipes": [
      "OakShelvesCrafting",
      "AcaciaShelvesCrafting",
      "BirchShelvesCrafting",
      "CrimsonShelvesCrafting",
      "DarkOakShelvesCrafting",
      "JungleShelvesCrafting",
      "SpruceShelvesCrafting",
      "WoodenBarrierCrafting",
      "LogPileCrafting",
      "OakStoolCrafting",
      "AcaciaDrawsCrafting",
      "DarkOakStoolCrafting",
      "CrimsonStoolCrafting",
      "BirchStoolCrafting",
      "AcaciaStoolCrafting",
      "SpruceStoolCrafting",
      "WarpedStoolCrafting",
      "StackedBooksCraftong",
      "BirchDrawsCrafting",
      "CrimsonDrawsCrafting",
      "DarkOakDrawsCrafting",
      "JungleDrawsCrafting",
      "SpruceDrawsCrafting",
      "WarpedDrawsCrafting",
      "JungleStoolCrafting",
      "BlueCupCrafting",
      "RedCupCrafting",
      "GreenCupCrafting",
      "AcaciaTableCrafting",
      "OakDrawsCrafting",
      "BirchTableCrafting",
      "CrimsonTableCrafting",
      "DarkOakTableCrafting",
      "JungelTableCrafting",
      "OakTableCrafting",
      "SpruceTableCrafting",
      "WarpedTableCrafting",
      "OakChairCrafting",
      "Acaciachaircrafting",
      "BirchChairCrafting",
      "CrimsonChairCrafting",
      "DarkOakChairCrafting",
      "JungleChairCrafting",
      "SpruceChairCrafting",
      "SkullAndBonesCrafting",
      "StoneShelvesCrafting",
      "AcaciaDeskCrafting",
      "AcaciaBookshelfCrafting",
      "BirchBookshelfCrafting",
      "BookshelfCrfating",
      "DarkOakBookshelCrafting",
      "JungleBookshelfCrafting",
      "SpruceBookshelfCrafting",
      "WarpedBookshelfCrafting",
      "Bookshelf",
      "Oakdeskcrafting",
      "WarpedDeskCrafting",
      "ClotheslineCrafting",
      "BirdHouseCrafting",
      "SpruceDeskCrafting",
      "DarkOakDeskCrafting",
      "BirchDeskCrafting",
      "CirmsonDeskCrafting",
      "JungleDeskCrafting",
      "WhiteCupCrafting",
      "BlackCupCrafting",
      "BrownCupCrafting",
      "PinkCupCrafting",
      "PurpleCupCrafting",
      "YellowCupCrafting",
      "TombstoneCrafting",
      "CyanCupCrafting",
      "CoffeeSignCrafting",
      "AcaciaTannerLeatherCrafting",
      "BirchTannerLeatherCrafting",
      "CrimsonTannerLeatherCrafting",
      "DarkOakTannerLeatherCrafting",
      "JungleTannerLeatherCrafting",
      "OakTannerLeatherCrafting",
      "SpruceTannerLeatherCrafting",
      "WarpedTannerLeatherCrafting",
      "StonePebblesCrafting",
      "AndesitePebblesCrafting",
      "DioritePebblesCrafting",
      "GranitePebblesCafting",
      "ScarecrowCrafting",
      "MobFigure1",
      "MobFigure2",
      "CraftingPebbles"
    ],
    "rewardFunction": "No function",
    "rewardXP": 0,
    "achievementType": "task",
    "parent": {
      "value": "CUSTOM:WelcomeToOaksDecor"
    },
    "triggerxml": "<xml xmlns=\"https://developers.google.com/blockly/xml\"><block type=\"custom_trigger\" x=\"43\" y=\"91\"><next><block type=\"advancement_trigger\" deletable=\"false\"></block></next></block></xml>"
  }
}