{
  "_fv": 30,
  "_type": "recipe",
  "definition": {
    "recipeType": "Crafting",
    "xpReward": 0.0,
    "cookingTime": 200,
    "recipeRetstackSize": 4,
    "group": "",
    "recipeShapeless": false,
    "recipeSlots": [
      {
        "value": "Blocks.NETHERRACK"
      },
      {
        "value": "Blocks.NETHERRACK"
      },
      {
        "value": ""
      },
      {
        "value": "Blocks.NETHERRACK"
      },
      {
        "value": "Blocks.NETHERRACK"
      },
      {
        "value": ""
      },
      {
        "value": ""
      },
      {
        "value": ""
      },
      {
        "value": ""
      }
    ],
    "recipeReturnStack": {
      "value": "CUSTOM:NetherrackBricks"
    },
    "name": "netherrack_bricks_1",
    "namespace": "mod"
  }
}