{
  "_fv": 30,
  "_type": "plant",
  "definition": {
    "renderType": 2,
    "texture": "stone",
    "textureBottom": "",
    "customModelName": "stone1:default",
    "itemTexture": "pebble",
    "particleTexture": "stone",
    "tintType": "No tint",
    "isItemTinted": false,
    "plantType": "normal",
    "staticPlantGenerationType": "Flower",
    "suspiciousStewEffect": "SPEED",
    "suspiciousStewDuration": 100,
    "growapableSpawnType": "Plains",
    "growapableMaxHeight": 3,
    "doublePlantGenerationType": "Flower",
    "customBoundingBox": true,
    "disableOffset": true,
    "boundingBoxes": [
      {
        "mx": 1.0,
        "my": 0.0,
        "mz": 1.0,
        "Mx": 15.0,
        "My": 1.0,
        "Mz": 15.0,
        "subtract": false
      }
    ],
    "name": "Pebbles",
    "specialInfo": [],
    "creativeTab": {
      "value": "No creative tab entry"
    },
    "hardness": 0.0,
    "resistance": 0.0,
    "luminance": 0,
    "unbreakable": false,
    "isSolid": false,
    "isCustomSoundType": false,
    "soundOnStep": {
      "value": "STONE"
    },
    "breakSound": {
      "value": ""
    },
    "stepSound": {
      "value": ""
    },
    "placeSound": {
      "value": ""
    },
    "hitSound": {
      "value": ""
    },
    "fallSound": {
      "value": ""
    },
    "useLootTableForDrops": false,
    "customDrop": {
      "value": "CUSTOM:ThrowablePebble"
    },
    "dropAmount": 1,
    "forceTicking": false,
    "emissiveRendering": false,
    "hasTileEntity": false,
    "isReplaceable": false,
    "colorOnMap": "DEFAULT",
    "creativePickItem": {
      "value": ""
    },
    "offsetType": "NONE",
    "aiPathNodeType": "DEFAULT",
    "flammability": 100,
    "fireSpreadSpeed": 60,
    "jumpFactor": 1.0,
    "speedFactor": 1.0,
    "canBePlacedOn": [],
    "frequencyOnChunks": 3,
    "spawnWorldTypes": [
      "Surface"
    ],
    "restrictionBiomes": [
      {
        "value": "birch_forest"
      },
      {
        "value": "birch_forest_hills"
      },
      {
        "value": "roofed_forest"
      },
      {
        "value": "mutated_roofed_forest"
      },
      {
        "value": "mutated_forest"
      },
      {
        "value": "forest"
      },
      {
        "value": "forest_hills"
      },
      {
        "value": "jungle"
      },
      {
        "value": "jungle_hills"
      },
      {
        "value": "lush_caves"
      },
      {
        "value": "mutated_mesa_clear_rock"
      },
      {
        "value": "mutated_extreme_hills_with_trees"
      },
      {
        "value": "mutated_jungle"
      },
      {
        "value": "mutated_jungle_edge"
      },
      {
        "value": "mutated_mesa_rock"
      },
      {
        "value": "smaller_extreme_hills"
      },
      {
        "value": "mushroom_field_shore"
      },
      {
        "value": "mushroom_fields"
      },
      {
        "value": "mutated_birch_forest"
      },
      {
        "value": "mutated_birch_forest_hills"
      },
      {
        "value": "redwood_taiga"
      },
      {
        "value": "redwood_taiga_hills"
      },
      {
        "value": "mutated_redwood_taiga"
      },
      {
        "value": "mutated_redwood_taiga_hills"
      },
      {
        "value": "plains"
      },
      {
        "value": "savanna"
      },
      {
        "value": "savanna_rock"
      },
      {
        "value": "mutated_savanna_rock"
      },
      {
        "value": "small_end_islands"
      },
      {
        "value": "snowy_slopes"
      },
      {
        "value": "cold_beach"
      },
      {
        "value": "snowy_mountains"
      },
      {
        "value": "snowy_tundra"
      },
      {
        "value": "taiga_cold"
      },
      {
        "value": "taiga_cold_hills"
      },
      {
        "value": "mutated_taiga_cold"
      },
      {
        "value": "swamp"
      },
      {
        "value": "mutated_swampland"
      },
      {
        "value": "taiga"
      },
      {
        "value": "taiga_hills"
      },
      {
        "value": "mutated_taiga"
      },
      {
        "value": "extreme_hills_with_trees"
      },
      {
        "value": "mutated_extreme_hills"
      },
      {
        "value": "mountains"
      },
      {
        "value": "mutated_savanna"
      },
      {
        "value": "wooded_badlands_plateau"
      }
    ],
    "patchSize": 63,
    "generateAtAnyHeight": false
  }
}