{
  "_fv": 30,
  "_type": "recipe",
  "definition": {
    "recipeType": "Crafting",
    "xpReward": 0.0,
    "cookingTime": 200,
    "recipeRetstackSize": 3,
    "group": "",
    "recipeShapeless": false,
    "recipeSlots": [
      {
        "value": "Blocks.LOG"
      },
      {
        "value": "Blocks.LOG"
      },
      {
        "value": "Blocks.LOG"
      },
      {
        "value": "Items.STICK"
      },
      {
        "value": "Items.STICK"
      },
      {
        "value": "Items.STICK"
      },
      {
        "value": "Blocks.LOG"
      },
      {
        "value": "Blocks.LOG"
      },
      {
        "value": "Blocks.LOG"
      }
    ],
    "recipeReturnStack": {
      "value": "Blocks.AIR"
    },
    "name": "wooden_barrier_crafting",
    "namespace": "mod"
  }
}