{
  "_fv": 33,
  "_type": "recipe",
  "definition": {
    "recipeType": "Crafting",
    "xpReward": 0.0,
    "cookingTime": 200,
    "recipeRetstackSize": 1,
    "group": "",
    "recipeShapeless": false,
    "recipeSlots": [
      {
        "value": "Blocks.PLANKS#0"
      },
      {
        "value": "Blocks.PLANKS#0"
      },
      {
        "value": "Blocks.PLANKS#0"
      },
      {
        "value": "Items.BOOK"
      },
      {
        "value": "Items.BOOK"
      },
      {
        "value": "Items.BOOK"
      },
      {
        "value": "Blocks.PLANKS#0"
      },
      {
        "value": "Blocks.PLANKS#0"
      },
      {
        "value": "Blocks.PLANKS#0"
      }
    ],
    "recipeReturnStack": {
      "value": "Blocks.BOOKSHELF"
    },
    "name": "bookshelf",
    "namespace": "minecraft"
  }
}