{
  "_fv": 33,
  "_type": "recipe",
  "definition": {
    "recipeType": "Crafting",
    "xpReward": 0.0,
    "cookingTime": 200,
    "recipeRetstackSize": 1,
    "group": "",
    "recipeShapeless": false,
    "recipeSlots": [
      {
        "value": "Blocks.CONCRETE#0"
      },
      {
        "value": "Blocks.CONCRETE#0"
      },
      {
        "value": "Blocks.CONCRETE#0"
      },
      {
        "value": "Blocks.CONCRETE#0"
      },
      {
        "value": "Blocks.CONCRETE#15"
      },
      {
        "value": "Blocks.CONCRETE#0"
      },
      {
        "value": "Blocks.CONCRETE#0"
      },
      {
        "value": "Blocks.CONCRETE#0"
      },
      {
        "value": "Blocks.CONCRETE#0"
      }
    ],
    "recipeReturnStack": {
      "value": "CUSTOM:CoffeeSign"
    },
    "name": "coffee_sign_crafting",
    "namespace": "mod"
  }
}