{
  "_fv": 33,
  "_type": "recipe",
  "definition": {
    "recipeType": "Crafting",
    "xpReward": 0.0,
    "cookingTime": 200,
    "recipeRetstackSize": 3,
    "group": "",
    "recipeShapeless": false,
    "recipeSlots": [
      {
        "value": "Blocks.PLANKS#3"
      },
      {
        "value": "Blocks.PLANKS#3"
      },
      {
        "value": "Blocks.PLANKS#3"
      },
      {
        "value": "Blocks.PLANKS#3"
      },
      {
        "value": "Blocks.PLANKS#3"
      },
      {
        "value": "Blocks.PLANKS#3"
      },
      {
        "value": "Blocks.PLANKS#3"
      },
      {
        "value": ""
      },
      {
        "value": "Blocks.PLANKS#3"
      }
    ],
    "recipeReturnStack": {
      "value": "CUSTOM:JungleTannerLeather"
    },
    "name": "jungle_tanner_leather_crafting",
    "namespace": "mod"
  }
}