{
  "_fv": 28,
  "_type": "recipe",
  "definition": {
    "recipeType": "Crafting",
    "xpReward": 0.0,
    "cookingTime": 200,
    "recipeRetstackSize": 1,
    "group": "",
    "recipeShapeless": false,
    "recipeSlots": [
      {
        "value": "Blocks.PLANKS#4"
      },
      {
        "value": "Blocks.PLANKS#4"
      },
      {
        "value": "Blocks.PLANKS#4"
      },
      {
        "value": "Items.BOOK"
      },
      {
        "value": "Items.BOOK"
      },
      {
        "value": "Items.BOOK"
      },
      {
        "value": "Blocks.PLANKS#4"
      },
      {
        "value": "Blocks.PLANKS#4"
      },
      {
        "value": "Blocks.PLANKS#4"
      }
    ],
    "recipeReturnStack": {
      "value": "CUSTOM:AcaciaBookshelf"
    },
    "name": "acacia_bookshelf_crafting",
    "namespace": "mod"
  }
}