{
  "_fv": 28,
  "_type": "achievement",
  "definition": {
    "achievementName": "Celebration",
    "achievementDescription": "Stack Some Cakes",
    "achievementIcon": {
      "value": "CUSTOM:ThreeStackedCake"
    },
    "background": "bricks.png",
    "disableDisplay": false,
    "showPopup": true,
    "announceToChat": true,
    "hideIfNotCompleted": false,
    "rewardLoot": [],
    "rewardRecipes": [
      "Cake1",
      "Cake2"
    ],
    "rewardFunction": "No function",
    "rewardXP": 0,
    "achievementType": "task",
    "parent": {
      "value": "CUSTOM:WelcomeToOaksDecor"
    },
    "triggerxml": "<xml xmlns=\"https://developers.google.com/blockly/xml\"><block type=\"custom_trigger\" x=\"51\" y=\"48\"><next><block type=\"advancement_trigger\" deletable=\"false\"></block></next></block></xml>"
  }
}