{
  "_fv": 30,
  "_type": "block",
  "definition": {
    "texture": "dark_oak_draws_open",
    "textureTop": "acacia_draws_closed",
    "textureLeft": "acacia_draws_closed",
    "textureFront": "acacia_draws_closed",
    "textureRight": "acacia_draws_closed",
    "textureBack": "acacia_draws_closed",
    "renderType": 2,
    "customModelName": "dark_oak_draws_open:default",
    "rotationMode": 1,
    "enablePitch": false,
    "emissiveRendering": false,
    "displayFluidOverlay": false,
    "itemTexture": "",
    "particleTexture": "dark_oak_planks",
    "tintType": "No tint",
    "isItemTinted": false,
    "hasTransparency": true,
    "connectedSides": false,
    "transparencyType": "SOLID",
    "disableOffset": false,
    "boundingBoxes": [
      {
        "mx": 0.0,
        "my": 0.0,
        "mz": 0.0,
        "Mx": 16.0,
        "My": 1.0,
        "Mz": 16.0,
        "subtract": false
      },
      {
        "mx": 0.0,
        "my": 15.0,
        "mz": 0.0,
        "Mx": 16.0,
        "My": 16.0,
        "Mz": 16.0,
        "subtract": false
      },
      {
        "mx": 0.0,
        "my": 1.0,
        "mz": 0.0,
        "Mx": 16.0,
        "My": 15.0,
        "Mz": 15.0,
        "subtract": false
      },
      {
        "mx": 1.0,
        "my": 2.0,
        "mz": -2.0,
        "Mx": 15.0,
        "My": 7.0,
        "Mz": -2.0,
        "subtract": false
      },
      {
        "mx": 1.0,
        "my": 8.0,
        "mz": 1.0,
        "Mx": 15.0,
        "My": 14.0,
        "Mz": 2.0,
        "subtract": false
      },
      {
        "mx": 6.0,
        "my": 5.0,
        "mz": -3.0,
        "Mx": 10.0,
        "My": 6.0,
        "Mz": -2.0,
        "subtract": false
      },
      {
        "mx": 6.0,
        "my": 12.0,
        "mz": 0.0,
        "Mx": 10.0,
        "My": 13.0,
        "Mz": 1.0,
        "subtract": false
      },
      {
        "mx": 0.0,
        "my": 0.0,
        "mz": 0.0,
        "Mx": 16.0,
        "My": 16.0,
        "Mz": 16.0,
        "subtract": false
      },
      {
        "mx": 1.5,
        "my": 2.0,
        "mz": -1.0,
        "Mx": 2.5,
        "My": 6.0,
        "Mz": 2.0,
        "subtract": false
      },
      {
        "mx": 1.3,
        "my": 2.0,
        "mz": -1.0,
        "Mx": 14.5,
        "My": 6.0,
        "Mz": 2.0,
        "subtract": false
      },
      {
        "mx": 2.5,
        "my": 5.0,
        "mz": -1.0,
        "Mx": 13.5,
        "My": 3.0,
        "Mz": 2.0,
        "subtract": false
      }
    ],
    "name": "Dark Oak Draws Open",
    "specialInfo": [],
    "hardness": 0.7999999999999999,
    "resistance": 10.0,
    "hasGravity": false,
    "isWaterloggable": true,
    "creativeTab": {
      "value": "No creative tab entry"
    },
    "destroyTool": "Not specified",
    "customDrop": {
      "value": "CUSTOM:DarkOakDrawsClosed"
    },
    "dropAmount": 1,
    "useLootTableForDrops": false,
    "requiresCorrectTool": false,
    "enchantPowerBonus": 0.0,
    "plantsGrowOn": false,
    "canRedstoneConnect": false,
    "lightOpacity": 0,
    "material": {
      "value": "WOOD"
    },
    "tickRate": 10,
    "tickRandomly": false,
    "isReplaceable": false,
    "canProvidePower": false,
    "emittedRedstonePower": {
      "fixedValue": 15.0
    },
    "colorOnMap": "DEFAULT",
    "creativePickItem": {
      "value": ""
    },
    "offsetType": "NONE",
    "aiPathNodeType": "DEFAULT",
    "flammability": 0,
    "fireSpreadSpeed": 0,
    "isLadder": false,
    "slipperiness": 0.6,
    "speedFactor": 1.0,
    "jumpFactor": 1.0,
    "reactionToPushing": "NORMAL",
    "isNotColidable": false,
    "isCustomSoundType": false,
    "soundOnStep": {
      "value": "WOOD"
    },
    "breakSound": {
      "value": ""
    },
    "fallSound": {
      "value": ""
    },
    "hitSound": {
      "value": ""
    },
    "placeSound": {
      "value": ""
    },
    "stepSound": {
      "value": ""
    },
    "luminance": 0,
    "unbreakable": false,
    "breakHarvestLevel": -1,
    "spawnParticles": false,
    "particleToSpawn": {
      "value": "EXPLOSION_NORMAL"
    },
    "particleSpawningShape": "Spread",
    "particleSpawningRadious": 0.5,
    "particleAmount": 4,
    "hasInventory": false,
    "guiBoundTo": "<NONE>",
    "openGUIOnRightClick": false,
    "inventorySize": 9,
    "inventoryStackSize": 64,
    "inventoryDropWhenDestroyed": true,
    "inventoryComparatorPower": true,
    "inventoryOutSlotIDs": [],
    "inventoryInSlotIDs": [],
    "hasEnergyStorage": false,
    "energyInitial": 0,
    "energyCapacity": 400000,
    "energyMaxReceive": 200,
    "energyMaxExtract": 200,
    "isFluidTank": false,
    "fluidCapacity": 8000,
    "fluidRestrictions": [],
    "onRightClicked": {
      "name": "DarkOakDrawsClosing"
    },
    "spawnWorldTypes": [],
    "restrictionBiomes": [],
    "blocksToReplace": [
      {
        "value": "Blocks.STONE"
      }
    ],
    "generationShape": "UNIFORM",
    "frequencyPerChunks": 10,
    "frequencyOnChunk": 16,
    "minGenerateHeight": 0,
    "maxGenerateHeight": 64
  }
}