{
  "_fv": 28,
  "_type": "plant",
  "definition": {
    "renderType": 2,
    "texture": "buried_skeleton_4",
    "textureBottom": "",
    "customModelName": "skeleton_with_hat:default",
    "itemTexture": "",
    "particleTexture": "",
    "tintType": "No tint",
    "isItemTinted": false,
    "plantType": "normal",
    "staticPlantGenerationType": "Flower",
    "suspiciousStewEffect": "SPEED",
    "suspiciousStewDuration": 100,
    "growapableSpawnType": "Cave",
    "growapableMaxHeight": 3,
    "doublePlantGenerationType": "Flower",
    "customBoundingBox": true,
    "disableOffset": true,
    "boundingBoxes": [
      {
        "mx": 1.0,
        "my": 0.0,
        "mz": 0.0,
        "Mx": 15.0,
        "My": 2.0,
        "Mz": 14.0,
        "subtract": false
      },
      {
        "mx": 2.0,
        "my": 2.0,
        "mz": 11.0,
        "Mx": 14.0,
        "My": 14.0,
        "Mz": 14.0,
        "subtract": false
      }
    ],
    "name": "Sitting Skeleton Unused",
    "specialInfo": [],
    "creativeTab": {
      "value": "No creative tab entry"
    },
    "hardness": 1.0,
    "resistance": 0.0,
    "luminance": 0,
    "unbreakable": false,
    "isCustomSoundType": false,
    "soundOnStep": {
      "value": "BONE"
    },
    "breakSound": {
      "value": ""
    },
    "stepSound": {
      "value": ""
    },
    "placeSound": {
      "value": ""
    },
    "hitSound": {
      "value": ""
    },
    "fallSound": {
      "value": ""
    },
    "useLootTableForDrops": false,
    "customDrop": {
      "value": "CUSTOM:SittingSkeleton"
    },
    "dropAmount": 1,
    "forceTicking": false,
    "emissiveRendering": false,
    "hasTileEntity": false,
    "isReplaceable": false,
    "colorOnMap": "DEFAULT",
    "creativePickItem": {
      "value": "CUSTOM:SittingSkeleton"
    },
    "offsetType": "NONE",
    "aiPathNodeType": "DEFAULT",
    "flammability": 0,
    "fireSpreadSpeed": 0,
    "jumpFactor": 1.0,
    "speedFactor": 1.0,
    "canBePlacedOn": [],
    "frequencyOnChunks": 6,
    "spawnWorldTypes": [
      "Surface"
    ],
    "restrictionBiomes": [],
    "patchSize": 8,
    "generateAtAnyHeight": false,
    "onDestroyedByPlayer": {
      "name": "SittingSkeletonUnusedPlantDestroyedByPlayer"
    }
  }
}