{
  "_fv": 28,
  "_type": "recipe",
  "definition": {
    "recipeType": "Crafting",
    "xpReward": 0.0,
    "cookingTime": 200,
    "recipeRetstackSize": 1,
    "group": "",
    "recipeShapeless": false,
    "recipeSlots": [
      {
        "value": "Blocks.WARPED_STEM"
      },
      {
        "value": "Blocks.WARPED_STEM"
      },
      {
        "value": "Blocks.WARPED_STEM"
      },
      {
        "value": "Blocks.WARPED_PLANKS"
      },
      {
        "value": ""
      },
      {
        "value": "Blocks.WARPED_PLANKS"
      },
      {
        "value": "Blocks.WARPED_PLANKS"
      },
      {
        "value": "Blocks.WARPED_PLANKS"
      },
      {
        "value": "Blocks.WARPED_PLANKS"
      }
    ],
    "recipeReturnStack": {
      "value": "CUSTOM:WarpedDesk"
    },
    "name": "warped_desk_crafting",
    "namespace": "mod"
  }
}