{
  "_fv": 28,
  "_type": "achievement",
  "definition": {
    "achievementName": "Welcome To Oaks Decor!",
    "achievementDescription": "Current Version v4.0",
    "achievementIcon": {
      "value": "CUSTOM:StackedCake"
    },
    "background": "bricks.png",
    "disableDisplay": false,
    "showPopup": true,
    "announceToChat": false,
    "hideIfNotCompleted": false,
    "rewardLoot": [],
    "rewardRecipes": [],
    "rewardFunction": "No function",
    "rewardXP": 0,
    "achievementType": "task",
    "parent": {
      "value": "No parent: root"
    },
    "triggerxml": "<xml xmlns=\"https://developers.google.com/blockly/xml\"><block type=\"custom_trigger\" x=\"34\" y=\"47\"><next><block type=\"advancement_trigger\" deletable=\"false\"></block></next></block></xml>"
  }
}