{
	"credit": "Made with Blockbench",
	"parent": "woodshelf1",
	"texture_size": [32, 32],
	"textures": {
		"19": "Model Textures/spruce_shelf_bottom",
		"29": "Model Textures/spruce_shelf_top",
		"particle": "Model Textures/birch_shelf_top"
	},
	"elements": [
		{
			"name": "a",
			"from": [1, 11, 15],
			"to": [2, 15, 16],
			"rotation": {"angle": 0, "axis": "y", "origin": [2, 15, 16]},
			"faces": {
				"north": {"uv": [1, 6, 2, 10], "texture": "#19"},
				"east": {"uv": [2, 6, 3, 10], "texture": "#19"},
				"south": {"uv": [3, 6, 4, 10], "texture": "#19"},
				"west": {"uv": [4, 6, 5, 10], "texture": "#19"},
				"up": {"uv": [9, 1, 8, 0], "texture": "#19"},
				"down": {"uv": [9, 1, 8, 2], "texture": "#19"}
			}
		},
		{
			"name": "b",
			"from": [1.25, 10.19774, 11.04038],
			"to": [1.75, 15.69774, 12.04038],
			"rotation": {"angle": -45, "axis": "x", "origin": [1.75, 15.65, 12]},
			"faces": {
				"north": {"uv": [0, 0, 1, 6], "texture": "#19"},
				"east": {"uv": [1, 0, 2, 6], "texture": "#19"},
				"south": {"uv": [2, 0, 3, 6], "texture": "#19"},
				"west": {"uv": [3, 0, 4, 6], "texture": "#19"},
				"up": {"uv": [9, 3, 8, 2], "texture": "#19"},
				"down": {"uv": [9, 3, 8, 4], "texture": "#19"}
			}
		},
		{
			"name": "c",
			"from": [14.25, 10.19774, 11.04038],
			"to": [14.75, 15.69774, 12.04038],
			"rotation": {"angle": -45, "axis": "x", "origin": [14.75, 15.65, 12]},
			"faces": {
				"north": {"uv": [4, 0, 5, 6], "texture": "#19"},
				"east": {"uv": [5, 0, 6, 6], "texture": "#19"},
				"south": {"uv": [0, 6, 1, 12], "texture": "#19"},
				"west": {"uv": [6, 0, 7, 6], "texture": "#19"},
				"up": {"uv": [9, 5, 8, 4], "texture": "#19"},
				"down": {"uv": [9, 5, 8, 6], "texture": "#19"}
			}
		},
		{
			"name": "d",
			"from": [14, 11, 15],
			"to": [15, 15, 16],
			"rotation": {"angle": 0, "axis": "y", "origin": [15, 15, 16]},
			"faces": {
				"north": {"uv": [5, 6, 6, 10], "texture": "#19"},
				"east": {"uv": [6, 6, 7, 10], "texture": "#19"},
				"south": {"uv": [7, 0, 8, 4], "texture": "#19"},
				"west": {"uv": [7, 4, 8, 8], "texture": "#19"},
				"up": {"uv": [9, 7, 8, 6], "texture": "#19"},
				"down": {"uv": [8, 8, 7, 9], "texture": "#19"}
			}
		},
		{
			"name": "e",
			"from": [0, 15, 7],
			"to": [16, 16, 16],
			"rotation": {"angle": 0, "axis": "y", "origin": [16, 16, 16]},
			"faces": {
				"north": {"uv": [8, 0, 16, 0.5], "texture": "#29"},
				"east": {"uv": [8, 1, 12.5, 1.5], "texture": "#29"},
				"south": {"uv": [8, 0.5, 16, 1], "texture": "#29"},
				"west": {"uv": [8, 1.5, 12.5, 2], "texture": "#29"},
				"up": {"uv": [8, 4.5, 0, 0], "texture": "#29"},
				"down": {"uv": [8, 4.5, 0, 9], "texture": "#29"}
			}
		}
	],
	"display": {
		"thirdperson_righthand": {
			"rotation": [73.23, 3.68, -0.19],
			"translation": [0, 2.75, 0],
			"scale": [0.32, 0.32, 0.32]
		},
		"thirdperson_lefthand": {
			"rotation": [73.23, 3.68, -0.19],
			"translation": [0, 2.75, 0],
			"scale": [0.32, 0.32, 0.32]
		},
		"firstperson_righthand": {
			"rotation": [0, 44.75, 0],
			"translation": [0, 2.75, 0],
			"scale": [0.45, 0.45, 0.45]
		},
		"firstperson_lefthand": {
			"rotation": [0, 44.75, 0],
			"translation": [0, 2.75, 0],
			"scale": [0.45, 0.45, 0.45]
		},
		"ground": {
			"translation": [0, -2.75, 0],
			"scale": [0.45, 0.45, 0.45]
		},
		"gui": {
			"rotation": [-171.5, -46.75, 180],
			"translation": [2.25, -6, 0],
			"scale": [0.82, 0.82, 0.82]
		},
		"head": {
			"translation": [0, 2.75, -10.75]
		},
		"fixed": {
			"translation": [0, -10.5, -7.25]
		}
	},
	"groups": [
		{
			"name": "group",
			"origin": [8, 8, 8],
			"color": 0,
			"children": [0, 1, 2, 3, 4]
		}
	]
}