{
	"credit": "Made with Blockbench",
	"textures": {
		"particle": "#seat"
	},
	"elements": [
		{
			"from": [12, 0, 2],
			"to": [14, 8, 4],
			"rotation": {"angle": 0, "axis": "y", "origin": [7, 0, 8]},
			"faces": {
				"north": {"uv": [1, 0, 3, 8], "texture": "#legs"},
				"east": {"uv": [12, 0, 14, 8], "texture": "#legs"},
				"south": {"uv": [1, 0, 3, 8], "texture": "#legs"},
				"west": {"uv": [12, 0, 14, 8], "texture": "#legs"},
				"down": {"uv": [1.6, 12.8, 3.6, 14.8], "rotation": 180, "texture": "#legs", "cullface": "down"}
			}
		},
		{
			"from": [1.5, 10, 12.5],
			"to": [14.5, 20, 14.5],
			"rotation": {"angle": 0, "axis": "y", "origin": [7, 0, 8]},
			"faces": {
				"north": {"uv": [1, 1, 14, 11], "texture": "#seat"},
				"east": {"uv": [5, 3, 7, 13], "texture": "#seat"},
				"south": {"uv": [1, 5, 14, 15], "texture": "#seat"},
				"west": {"uv": [4, 6, 6, 16], "texture": "#seat"},
				"up": {"uv": [1, 5, 14, 7], "rotation": 180, "texture": "#seat"}
			}
		},
		{
			"from": [1.5, 8, 1.5],
			"to": [14.5, 10, 14.5],
			"rotation": {"angle": 0, "axis": "y", "origin": [7, 0, 8]},
			"faces": {
				"north": {"uv": [0, 8, 13, 10], "texture": "#seat"},
				"east": {"uv": [0, 8, 13, 10], "texture": "#seat"},
				"south": {"uv": [0, 8, 13, 10], "texture": "#seat"},
				"west": {"uv": [0, 8, 13, 10], "texture": "#seat"},
				"up": {"uv": [1, 1, 14, 14], "rotation": 180, "texture": "#seat"},
				"down": {"uv": [1, 1, 14, 14], "rotation": 180, "texture": "#seat"}
			}
		},
		{
			"from": [2, 0, 2],
			"to": [4, 8, 4],
			"rotation": {"angle": 0, "axis": "y", "origin": [7, 0, 8]},
			"faces": {
				"north": {"uv": [1, 0, 3, 8], "texture": "#legs"},
				"east": {"uv": [12, 0, 14, 8], "texture": "#legs"},
				"south": {"uv": [1, 0, 3, 8], "texture": "#legs"},
				"west": {"uv": [12, 0, 14, 8], "texture": "#legs"},
				"down": {"uv": [1.6, 12.8, 3.6, 14.8], "rotation": 180, "texture": "#legs", "cullface": "down"}
			}
		},
		{
			"from": [2, 0, 12],
			"to": [4, 8, 14],
			"rotation": {"angle": 0, "axis": "y", "origin": [7, 0, 8]},
			"faces": {
				"north": {"uv": [1, 0, 3, 8], "texture": "#legs"},
				"east": {"uv": [12, 0, 14, 8], "texture": "#legs"},
				"south": {"uv": [1, 0, 3, 8], "texture": "#legs"},
				"west": {"uv": [12, 0, 14, 8], "texture": "#legs"},
				"down": {"uv": [1.6, 12.8, 3.6, 14.8], "rotation": 180, "texture": "#legs", "cullface": "down"}
			}
		},
		{
			"from": [12, 0, 12],
			"to": [14, 8, 14],
			"rotation": {"angle": 0, "axis": "y", "origin": [7, 0, 8]},
			"faces": {
				"north": {"uv": [1, 0, 3, 8], "texture": "#legs"},
				"east": {"uv": [12, 0, 14, 8], "texture": "#legs"},
				"south": {"uv": [1, 0, 3, 8], "texture": "#legs"},
				"west": {"uv": [12, 0, 14, 8], "texture": "#legs"},
				"down": {"uv": [1.6, 12.8, 3.6, 14.8], "rotation": 180, "texture": "#legs", "cullface": "down"}
			}
		}
	],
	"display": {
		"thirdperson_righthand": {
			"rotation": [75, -45, 0],
			"translation": [0, 2.5, 0],
			"scale": [0.375, 0.375, 0.375]
		},
		"thirdperson_lefthand": {
			"rotation": [75, -45, 0],
			"translation": [0, 2.5, 0],
			"scale": [0.375, 0.375, 0.375]
		},
		"firstperson_righthand": {
			"rotation": [0, -45, 0],
			"translation": [0, 2, 0],
			"scale": [0.4, 0.4, 0.4]
		},
		"firstperson_lefthand": {
			"rotation": [0, -45, 0],
			"translation": [0, 2, 0],
			"scale": [0.4, 0.4, 0.4]
		},
		"ground": {
			"translation": [0, 3, 0],
			"scale": [0.25, 0.25, 0.25]
		},
		"gui": {
			"rotation": [-170.05, -32.11, 178.49],
			"translation": [0, -1.1, 0],
			"scale": [0.55, 0.55, 0.55]
		},
		"head": {
			"rotation": [0, 180, 0],
			"translation": [0, 8, 0]
		},
		"fixed": {
			"rotation": [0, -90, 0],
			"translation": [0, 0, -2.5],
			"scale": [0.47266, 0.47266, 0.47266]
		}
	},
	"groups": [
		{
			"name": "chair",
			"origin": [8, 8, 8],
			"color": 0,
			"children": [0, 1, 2, 3, 4, 5]
		}
	]
}