{
	"credit": "Made with Blockbench",
	"textures": {
		"0": "block/mangrove_log",
		"5": "block/stripped_mangrove_log",
		"7": "water_still",
		"particle": "water_still"
	},
	"elements": [
		{
			"from": [0, 0, 1],
			"to": [16, 11, 16],
			"rotation": {"angle": 0, "axis": "y", "origin": [16, 16, 16]},
			"faces": {
				"north": {"uv": [0, 7, 16, 16], "texture": "#5", "tintindex": 1},
				"east": {"uv": [0, 7, 15, 16], "texture": "#5", "cullface": "west", "tintindex": 1},
				"south": {"uv": [0, 7, 16, 16], "texture": "#5", "cullface": "north", "tintindex": 1},
				"west": {"uv": [0, 7, 15, 16], "texture": "#5", "cullface": "east", "tintindex": 1},
				"up": {"uv": [0, 0, 0, 0], "rotation": 180, "texture": "#5"},
				"down": {"uv": [0, 0, 16, 15], "rotation": 180, "texture": "#5", "cullface": "down", "tintindex": 1}
			}
		},
		{
			"from": [14, 11, 2],
			"to": [16, 16, 16],
			"rotation": {"angle": 0, "axis": "y", "origin": [8, 20, 1]},
			"faces": {
				"north": {"uv": [0, 0, 2, 7], "texture": "#0", "cullface": "south"},
				"east": {"uv": [0, 0, 16, 7], "texture": "#0", "cullface": "west"},
				"south": {"uv": [14, 0, 16, 5], "texture": "#0"},
				"west": {"uv": [0, 0, 16, 7], "texture": "#0"},
				"up": {"uv": [0, 0, 2, 16], "rotation": 180, "texture": "#0", "cullface": "up"},
				"down": {"uv": [0, 0, 2, 16], "rotation": 180, "texture": "#0"}
			}
		},
		{
			"from": [0, 11, 2],
			"to": [2, 16, 16],
			"rotation": {"angle": 0, "axis": "y", "origin": [8, 20, 1]},
			"faces": {
				"north": {"uv": [14, 0, 16, 7], "texture": "#0", "cullface": "south"},
				"east": {"uv": [0, 0, 16, 7], "texture": "#0"},
				"south": {"uv": [0, 0, 2, 7], "texture": "#0"},
				"west": {"uv": [0, 0, 16, 7], "texture": "#0", "cullface": "east"},
				"up": {"uv": [14, 0, 16, 16], "rotation": 180, "texture": "#0", "cullface": "up"},
				"down": {"uv": [0, 0, 2, 16], "rotation": 180, "texture": "#0"}
			}
		},
		{
			"from": [2, 11, 12],
			"to": [14, 16, 16],
			"rotation": {"angle": 0, "axis": "y", "origin": [8, 20, 1]},
			"faces": {
				"north": {"uv": [2, 0, 14, 7], "texture": "#0"},
				"east": {"uv": [0, 0, 0, 0], "texture": "#0"},
				"south": {"uv": [2, 0, 14, 7], "texture": "#0"},
				"west": {"uv": [0, 0, 0, 0], "texture": "#0"},
				"up": {"uv": [2, 0, 14, 4], "rotation": 180, "texture": "#0", "cullface": "up"},
				"down": {"uv": [0, 0, 0, 0], "rotation": 180, "texture": "#0"}
			}
		},
		{
			"from": [2, 11.3, 2],
			"to": [14, 11.3, 12],
			"rotation": {"angle": 0, "axis": "y", "origin": [8, 20.3, 1]},
			"faces": {
				"north": {"uv": [0, 0, 0, 0], "texture": "#0"},
				"east": {"uv": [0, 0, 0, 0], "texture": "#0"},
				"south": {"uv": [0, 0, 0, 0], "texture": "#0"},
				"west": {"uv": [0, 0, 0, 0], "texture": "#0"},
				"up": {"uv": [0, 0, 16, 16], "rotation": 180, "texture": "#0", "cullface": "up"},
				"down": {"uv": [0, 0, 0, 0], "rotation": 180, "texture": "#0"}
			}
		},
		{
			"from": [0, 11, 0],
			"to": [16, 16, 2],
			"rotation": {"angle": 0, "axis": "y", "origin": [13, 11, 0]},
			"faces": {
				"north": {"uv": [0, 0, 16, 5], "texture": "#0"},
				"east": {"uv": [0, 0, 2, 5], "texture": "#0"},
				"south": {"uv": [0, 0, 16, 5], "texture": "#0"},
				"west": {"uv": [0, 0, 2, 5], "texture": "#0"},
				"up": {"uv": [0, 0, 16, 2], "texture": "#0"},
				"down": {"uv": [0, 0, 16, 2], "texture": "#0"}
			}
		},
		{
			"from": [2, 13, 2],
			"to": [14, 13, 12],
			"rotation": {"angle": 0, "axis": "y", "origin": [8, 21, 1]},
			"faces": {
				"north": {"uv": [0, 0, 0, 0], "texture": "#7"},
				"east": {"uv": [0, 0, 0, 0], "texture": "#7"},
				"south": {"uv": [0, 0, 0, 0], "texture": "#7"},
				"west": {"uv": [0, 0, 0, 0], "texture": "#7"},
				"up": {"uv": [0, 0, 12, 10], "rotation": 180, "texture": "#7", "cullface": "up"},
				"down": {"uv": [0, 0, 0, 0], "rotation": 180, "texture": "#7"}
			}
		}
	],
	"display": {
		"thirdperson_righthand": {
			"rotation": [75, -45, 0],
			"translation": [0, 2.5, 0],
			"scale": [0.375, 0.375, 0.375]
		},
		"thirdperson_lefthand": {
			"rotation": [75, -45, 0],
			"translation": [0, 2.5, 0],
			"scale": [0.375, 0.375, 0.375]
		},
		"firstperson_righthand": {
			"rotation": [0, 114, 0],
			"translation": [-3.5, 1.25, 4],
			"scale": [0.4, 0.4, 0.4]
		},
		"firstperson_lefthand": {
			"rotation": [0, 114, 0],
			"translation": [0, 0, 1.75],
			"scale": [0.4, 0.4, 0.4]
		},
		"ground": {
			"translation": [0, 3, 0],
			"scale": [0.25, 0.25, 0.25]
		},
		"gui": {
			"rotation": [-177.32, 43.52, -175.9],
			"translation": [-0.25, -0.6, 0],
			"scale": [0.4, 0.4, 0.4]
		},
		"head": {
			"rotation": [0, 180, 0],
			"translation": [0, -1, 0]
		},
		"fixed": {
			"translation": [0, -0.25, -2.5],
			"scale": [0.4, 0.4, 0.4]
		}
	},
	"groups": [
		{
			"name": "group",
			"origin": [8, 20, 1],
			"color": 0,
			"children": [0]
		},
		{
			"name": "Top",
			"origin": [8, 8, 8],
			"color": 0,
			"children": [1, 2, 3, 4, 5]
		},
		{
			"name": "Water",
			"origin": [8, 20, 1],
			"color": 0,
			"children": [6]
		}
	]
}