{
	"credit": "Made with Blockbench",
	"texture_size": [32, 32],
	"textures": {
		"0": "Model Textures/sTEPPINGsTONES/SteppingStonesDebug",
		"particle": "Model Textures/sTEPPINGsTONES/SteppingStonesDebug"
	},
	"elements": [
		{
			"from": [13, 0, 9],
			"to": [16, 0.5, 12],
			"rotation": {"angle": -35, "axis": "y", "origin": [11, 0, 6]},
			"faces": {
				"north": {"uv": [6, 4, 7.5, 4.5], "texture": "#0"},
				"east": {"uv": [6, 4.5, 7.5, 5], "texture": "#0"},
				"south": {"uv": [6, 5, 7.5, 5.5], "texture": "#0"},
				"west": {"uv": [6, 5.5, 7.5, 6], "texture": "#0"},
				"up": {"uv": [1.5, 6.5, 0, 5], "texture": "#0"},
				"down": {"uv": [3, 5, 1.5, 6.5], "texture": "#0"}
			}
		},
		{
			"from": [12, 0, 7],
			"to": [15, 0.5, 10],
			"rotation": {"angle": 20, "axis": "y", "origin": [8, 0, 8]},
			"faces": {
				"north": {"uv": [6, 6, 7.5, 6.5], "texture": "#0"},
				"east": {"uv": [0, 6.5, 1.5, 7], "texture": "#0"},
				"south": {"uv": [1.5, 6.5, 3, 7], "texture": "#0"},
				"west": {"uv": [3, 6.5, 4.5, 7], "texture": "#0"},
				"up": {"uv": [4.5, 6.5, 3, 5], "texture": "#0"},
				"down": {"uv": [6, 5, 4.5, 6.5], "texture": "#0"}
			}
		},
		{
			"from": [1, 0, 3],
			"to": [8, 0.5, 8],
			"rotation": {"angle": -15, "axis": "y", "origin": [8, 0, 10]},
			"faces": {
				"north": {"uv": [6, 0, 9.5, 0.5], "texture": "#0"},
				"east": {"uv": [6, 1, 8.5, 1.5], "texture": "#0"},
				"south": {"uv": [6, 0.5, 9.5, 1], "texture": "#0"},
				"west": {"uv": [6, 1.5, 8.5, 2], "texture": "#0"},
				"up": {"uv": [3.5, 2.5, 0, 0], "texture": "#0"},
				"down": {"uv": [3.5, 2.5, 0, 5], "texture": "#0"}
			}
		},
		{
			"from": [1, 0, 8],
			"to": [6, 0.5, 13],
			"rotation": {"angle": 20, "axis": "y", "origin": [6, 0, 8]},
			"faces": {
				"north": {"uv": [6, 2, 8.5, 2.5], "texture": "#0"},
				"east": {"uv": [6, 2.5, 8.5, 3], "texture": "#0"},
				"south": {"uv": [6, 3, 8.5, 3.5], "texture": "#0"},
				"west": {"uv": [6, 3.5, 8.5, 4], "texture": "#0"},
				"up": {"uv": [6, 2.5, 3.5, 0], "texture": "#0"},
				"down": {"uv": [6, 2.5, 3.5, 5], "texture": "#0"}
			}
		}
	],
	"display": {
		"thirdperson_righthand": {
			"rotation": [99, 0, 0],
			"translation": [0, 2.5, 5.5],
			"scale": [0.5625, 0.5625, 0.5625]
		},
		"thirdperson_lefthand": {
			"rotation": [108.5, 0, 0],
			"translation": [0, 1.5, 3.5],
			"scale": [0.36719, 0.36719, 0.36719]
		},
		"firstperson_righthand": {
			"rotation": [64.27, 1.78, 24.11],
			"translation": [0, 6.25, 2]
		},
		"firstperson_lefthand": {
			"rotation": [64.27, 1.78, 24.11],
			"translation": [0, 6.25, 1]
		},
		"ground": {
			"translation": [0, 7.5, 0]
		},
		"gui": {
			"rotation": [61.26, 19.24, -10.36],
			"translation": [1.5, 4.75, 0]
		},
		"fixed": {
			"rotation": [-89, 0, 0],
			"translation": [0, 0.25, -8.25]
		}
	}
}