{
	"credit": "Made with Blockbench",
	"textures": {
		"base": "block/stripped_mangrove_log",
		"particle": "block/mangrove_log",
		"top": "block/mangrove_log"
	},
	"elements": [
		{
			"from": [0, 0, 1],
			"to": [16, 11, 16],
			"rotation": {"angle": 0, "axis": "y", "origin": [8, 0, 8]},
			"faces": {
				"north": {"uv": [0, 3, 16, 16], "texture": "#base", "tintindex": 1},
				"east": {"uv": [0, 3, 15, 16], "texture": "#base", "cullface": "west", "tintindex": 1},
				"south": {"uv": [0, 3, 16, 16], "texture": "#base", "cullface": "north", "tintindex": 1},
				"west": {"uv": [0, 3, 15, 16], "texture": "#base", "cullface": "east", "tintindex": 1},
				"down": {"uv": [0, 3, 15, 16], "rotation": 180, "texture": "#base", "cullface": "down", "tintindex": 1}
			}
		},
		{
			"from": [0, 11, 0],
			"to": [16, 16, 16],
			"faces": {
				"north": {"uv": [0, 0, 16, 5], "texture": "#top"},
				"east": {"uv": [0, 0, 16, 5], "texture": "#top"},
				"south": {"uv": [0, 0, 16, 5], "texture": "#top"},
				"west": {"uv": [0, 0, 16, 5], "texture": "#top"},
				"up": {"uv": [0, 0, 16, 16], "texture": "#top"},
				"down": {"uv": [0, 0, 16, 16], "texture": "#top"}
			}
		}
	],
	"display": {
		"thirdperson_righthand": {
			"rotation": [75, -45, 0],
			"translation": [0, 2.5, 0],
			"scale": [0.375, 0.375, 0.375]
		},
		"thirdperson_lefthand": {
			"rotation": [75, -45, 0],
			"translation": [0, 2.5, 0],
			"scale": [0.375, 0.375, 0.375]
		},
		"firstperson_righthand": {
			"rotation": [0, -45, 0],
			"translation": [0, 2.5, 0],
			"scale": [0.4, 0.4, 0.4]
		},
		"firstperson_lefthand": {
			"rotation": [0, -45, 0],
			"translation": [0, 2.5, 0],
			"scale": [0.4, 0.4, 0.4]
		},
		"ground": {
			"translation": [0, 3, 0],
			"scale": [0.25, 0.25, 0.25]
		},
		"gui": {
			"rotation": [25.68, -59.65, 31.79],
			"translation": [0, -0.3, 0],
			"scale": [0.41211, 0.41211, 0.41211]
		},
		"head": {
			"rotation": [0, 180, 0],
			"translation": [0, -1, 0],
			"scale": [1.10156, 1.10156, 1.10156]
		},
		"fixed": {
			"rotation": [0, 180, 0],
			"scale": [0.41406, 0.41406, 0.41406]
		}
	},
	"groups": [
		{
			"name": "kitchen_counter_default",
			"origin": [8, 8, 8],
			"color": 0,
			"children": [0, 1]
		}
	]
}