{
	"credit": "Made with Blockbench",
	"texture_size": [32, 32],
	"textures": {
		"2": "oak_bird)_hourse",
		"particle": "oak_log"
	},
	"elements": [
		{
			"from": [5, 5, 11],
			"to": [11, 6, 16],
			"faces": {
				"north": {"uv": [8.5, 5, 11.5, 5.5], "texture": "#2"},
				"east": {"uv": [8.5, 6, 11, 6.5], "texture": "#2"},
				"south": {"uv": [8.5, 5.5, 11.5, 6], "texture": "#2"},
				"west": {"uv": [8.5, 6.5, 11, 7], "texture": "#2"},
				"up": {"uv": [9, 2.5, 6, 0], "texture": "#2"},
				"down": {"uv": [9, 2.5, 6, 5], "texture": "#2"}
			}
		},
		{
			"from": [6, 6, 11],
			"to": [10, 7, 12],
			"faces": {
				"north": {"uv": [9, 9, 11, 9.5], "texture": "#2"},
				"east": {"uv": [11.5, 1, 12, 1.5], "texture": "#2"},
				"south": {"uv": [9.5, 0, 11.5, 0.5], "texture": "#2"},
				"west": {"uv": [1.5, 11.5, 2, 12], "texture": "#2"},
				"up": {"uv": [11.5, 1, 9.5, 0.5], "texture": "#2"},
				"down": {"uv": [11.5, 1, 9.5, 1.5], "texture": "#2"}
			}
		},
		{
			"from": [6, 6, 14.75],
			"to": [10, 10, 15.75],
			"faces": {
				"north": {"uv": [7.5, 7, 9.5, 9], "texture": "#2"},
				"east": {"uv": [9.5, 7, 10, 9], "texture": "#2"},
				"south": {"uv": [0, 8.5, 2, 10.5], "texture": "#2"},
				"west": {"uv": [9, 9.5, 9.5, 11.5], "texture": "#2"},
				"up": {"uv": [11.5, 4, 9.5, 3.5], "texture": "#2"},
				"down": {"uv": [11.5, 4, 9.5, 4.5], "texture": "#2"}
			}
		},
		{
			"from": [6, 7, 11],
			"to": [7, 9, 12],
			"faces": {
				"north": {"uv": [0, 10.5, 0.5, 11.5], "texture": "#2"},
				"east": {"uv": [0.5, 10.5, 1, 11.5], "texture": "#2"},
				"south": {"uv": [1, 10.5, 1.5, 11.5], "texture": "#2"},
				"west": {"uv": [1.5, 10.5, 2, 11.5], "texture": "#2"},
				"up": {"uv": [12, 3.5, 11.5, 3], "texture": "#2"},
				"down": {"uv": [4, 11.5, 3.5, 12], "texture": "#2"}
			}
		},
		{
			"from": [9, 7, 11],
			"to": [10, 9, 12],
			"faces": {
				"north": {"uv": [9.5, 10.5, 10, 11.5], "texture": "#2"},
				"east": {"uv": [10, 10.5, 10.5, 11.5], "texture": "#2"},
				"south": {"uv": [10.5, 10, 11, 11], "texture": "#2"},
				"west": {"uv": [11, 6, 11.5, 7], "texture": "#2"},
				"up": {"uv": [12, 4, 11.5, 3.5], "texture": "#2"},
				"down": {"uv": [4.5, 11.5, 4, 12], "texture": "#2"}
			}
		},
		{
			"from": [6, 10, 11],
			"to": [10, 11, 12],
			"faces": {
				"north": {"uv": [9.5, 1.5, 11.5, 2], "texture": "#2"},
				"east": {"uv": [11.5, 1.5, 12, 2], "texture": "#2"},
				"south": {"uv": [9.5, 2, 11.5, 2.5], "texture": "#2"},
				"west": {"uv": [11.5, 2, 12, 2.5], "texture": "#2"},
				"up": {"uv": [11.5, 3, 9.5, 2.5], "texture": "#2"},
				"down": {"uv": [11.5, 3, 9.5, 3.5], "texture": "#2"}
			}
		},
		{
			"from": [7, 11, 14.75],
			"to": [9, 12, 15.75],
			"faces": {
				"north": {"uv": [11, 9, 12, 9.5], "texture": "#2"},
				"east": {"uv": [11.5, 10.5, 12, 11], "texture": "#2"},
				"south": {"uv": [11.5, 0, 12.5, 0.5], "texture": "#2"},
				"west": {"uv": [11.5, 11, 12, 11.5], "texture": "#2"},
				"up": {"uv": [1.5, 12, 0.5, 11.5], "texture": "#2"},
				"down": {"uv": [12.5, 0.5, 11.5, 1], "texture": "#2"}
			}
		},
		{
			"from": [6, 10, 14.75],
			"to": [10, 11, 15.75],
			"faces": {
				"north": {"uv": [9.5, 4.5, 11.5, 5], "texture": "#2"},
				"east": {"uv": [10, 11.5, 10.5, 12], "texture": "#2"},
				"south": {"uv": [9.5, 9.5, 11.5, 10], "texture": "#2"},
				"west": {"uv": [11.5, 10, 12, 10.5], "texture": "#2"},
				"up": {"uv": [12, 7.5, 10, 7], "texture": "#2"},
				"down": {"uv": [12, 7.5, 10, 8], "texture": "#2"}
			}
		},
		{
			"from": [7, 11, 11],
			"to": [9, 12, 12],
			"faces": {
				"north": {"uv": [5, 6.5, 6, 7], "texture": "#2"},
				"east": {"uv": [11.5, 2.5, 12, 3], "texture": "#2"},
				"south": {"uv": [10, 8, 11, 8.5], "texture": "#2"},
				"west": {"uv": [3, 11.5, 3.5, 12], "texture": "#2"},
				"up": {"uv": [11, 9, 10, 8.5], "texture": "#2"},
				"down": {"uv": [10.5, 10, 9.5, 10.5], "texture": "#2"}
			}
		},
		{
			"from": [10, 6, 11],
			"to": [11, 10, 15.925],
			"faces": {
				"north": {"uv": [9, 3, 9.5, 5], "texture": "#2"},
				"east": {"uv": [6, 5, 8.5, 7], "texture": "#2"},
				"south": {"uv": [7.5, 9, 8, 11], "texture": "#2"},
				"west": {"uv": [0, 6.5, 2.5, 8.5], "texture": "#2"},
				"up": {"uv": [6, 11.5, 5.5, 9], "texture": "#2"},
				"down": {"uv": [6.5, 9, 6, 11.5], "texture": "#2"}
			}
		},
		{
			"from": [5, 6, 11],
			"to": [6, 10, 15.95],
			"faces": {
				"north": {"uv": [8, 9, 8.5, 11], "texture": "#2"},
				"east": {"uv": [2.5, 6.5, 5, 8.5], "texture": "#2"},
				"south": {"uv": [8.5, 9, 9, 11], "texture": "#2"},
				"west": {"uv": [5, 7, 7.5, 9], "texture": "#2"},
				"up": {"uv": [7, 11.5, 6.5, 9], "texture": "#2"},
				"down": {"uv": [7.5, 9, 7, 11.5], "texture": "#2"}
			}
		},
		{
			"from": [10, 7.6, 10],
			"to": [11, 13.85, 16],
			"rotation": {"angle": 45, "axis": "z", "origin": [10, 10, 16]},
			"faces": {
				"north": {"uv": [3, 8.5, 3.5, 11.5], "texture": "#2"},
				"east": {"uv": [0, 3.5, 3, 6.5], "texture": "#2"},
				"south": {"uv": [3.5, 8.5, 4, 11.5], "texture": "#2"},
				"west": {"uv": [3, 3.5, 6, 6.5], "texture": "#2"},
				"up": {"uv": [4.5, 11.5, 4, 8.5], "texture": "#2"},
				"down": {"uv": [5, 8.5, 4.5, 11.5], "texture": "#2"}
			}
		},
		{
			"from": [5, 7, 10.05],
			"to": [6, 13.75, 16],
			"rotation": {"angle": -45, "axis": "z", "origin": [6, 10, 16]},
			"faces": {
				"north": {"uv": [2, 8.5, 2.5, 12], "texture": "#2"},
				"east": {"uv": [0, 0, 3, 3.5], "texture": "#2"},
				"south": {"uv": [2.5, 8.5, 3, 12], "texture": "#2"},
				"west": {"uv": [3, 0, 6, 3.5], "texture": "#2"},
				"up": {"uv": [9.5, 3, 9, 0], "texture": "#2"},
				"down": {"uv": [5.5, 9, 5, 12], "texture": "#2"}
			}
		},
		{
			"from": [9, 3, 15],
			"to": [10, 5, 16],
			"faces": {
				"north": {"uv": [7.5, 11, 8, 12], "texture": "#2"},
				"east": {"uv": [8, 11, 8.5, 12], "texture": "#2"},
				"south": {"uv": [11, 8, 11.5, 9], "texture": "#2"},
				"west": {"uv": [8.5, 11, 9, 12], "texture": "#2"},
				"up": {"uv": [12, 4.5, 11.5, 4], "texture": "#2"},
				"down": {"uv": [5, 11.5, 4.5, 12], "texture": "#2"}
			}
		},
		{
			"from": [6, 3, 15],
			"to": [7, 5, 16],
			"faces": {
				"north": {"uv": [11, 10, 11.5, 11], "texture": "#2"},
				"east": {"uv": [10.5, 11, 11, 12], "texture": "#2"},
				"south": {"uv": [11, 11, 11.5, 12], "texture": "#2"},
				"west": {"uv": [0, 11.5, 0.5, 12.5], "texture": "#2"},
				"up": {"uv": [12, 5, 11.5, 4.5], "texture": "#2"},
				"down": {"uv": [12, 5, 11.5, 5.5], "texture": "#2"}
			}
		},
		{
			"from": [6, 4, 14],
			"to": [7, 5, 15],
			"faces": {
				"north": {"uv": [5.5, 11.5, 6, 12], "texture": "#2"},
				"east": {"uv": [11.5, 5.5, 12, 6], "texture": "#2"},
				"south": {"uv": [6, 11.5, 6.5, 12], "texture": "#2"},
				"west": {"uv": [11.5, 6, 12, 6.5], "texture": "#2"},
				"up": {"uv": [7, 12, 6.5, 11.5], "texture": "#2"},
				"down": {"uv": [12, 6.5, 11.5, 7], "texture": "#2"}
			}
		},
		{
			"from": [9, 4, 14],
			"to": [10, 5, 15],
			"faces": {
				"north": {"uv": [7, 11.5, 7.5, 12], "texture": "#2"},
				"east": {"uv": [11.5, 8, 12, 8.5], "texture": "#2"},
				"south": {"uv": [11.5, 8.5, 12, 9], "texture": "#2"},
				"west": {"uv": [9, 11.5, 9.5, 12], "texture": "#2"},
				"up": {"uv": [10, 12, 9.5, 11.5], "texture": "#2"},
				"down": {"uv": [12, 9.5, 11.5, 10], "texture": "#2"}
			}
		}
	],
	"display": {
		"thirdperson_righthand": {
			"translation": [0, 0, -7.25]
		},
		"thirdperson_lefthand": {
			"translation": [0, 0, -7.75]
		},
		"firstperson_righthand": {
			"rotation": [165, 54.75, -180],
			"translation": [0.25, 4.25, 2]
		},
		"firstperson_lefthand": {
			"rotation": [165, 54.75, -180],
			"translation": [0.25, 4.25, 2]
		},
		"ground": {
			"translation": [0, 5.5, 0],
			"scale": [0.66016, 0.66016, 0.66016]
		},
		"gui": {
			"rotation": [-157.25, 36.5, -180],
			"translation": [-3.75, -2.25, 0],
			"scale": [1.22852, 1.22852, 1.22852]
		},
		"head": {
			"translation": [0, 9, -14.75]
		},
		"fixed": {
			"translation": [0, 0, -8.25]
		}
	}
}