{
	"credit": "Made with Blockbench",
	"parent": "book_stack",
	"texture_size": [64, 64],
	"textures": {
		"6": "Minecraft Pros/book_stack5",
		"particle": "block/debug"
	},
	"elements": [
		{
			"from": [0.35, 0.05, 7.9],
			"to": [1.35, 12.05, 15.9],
			"rotation": {"angle": 0, "axis": "y", "origin": [8, 7.75, 8]},
			"faces": {
				"north": {"uv": [7.5, 9, 7.75, 12], "texture": "#6"},
				"east": {"uv": [0, 0, 2, 3], "texture": "#6"},
				"south": {"uv": [7.75, 9, 8, 12], "texture": "#6"},
				"west": {"uv": [2, 0, 4, 3], "texture": "#6"},
				"up": {"uv": [10.75, 9.5, 10.5, 7.5], "texture": "#6"},
				"down": {"uv": [10.75, 9.5, 10.5, 11.5], "texture": "#6"}
			}
		},
		{
			"from": [12.4, 0, 8],
			"to": [13.4, 12, 16],
			"rotation": {"angle": 22.5, "axis": "z", "origin": [12.1, 1, 11.5]},
			"faces": {
				"north": {"uv": [9.75, 0, 10, 3], "texture": "#6"},
				"east": {"uv": [0, 3, 2, 6], "texture": "#6"},
				"south": {"uv": [9.75, 3, 10, 6], "texture": "#6"},
				"west": {"uv": [2, 3, 4, 6], "texture": "#6"},
				"up": {"uv": [10.5, 12.5, 10.25, 10.5], "texture": "#6"},
				"down": {"uv": [11, 0, 10.75, 2], "texture": "#6"}
			}
		},
		{
			"from": [11.4, 1, 8],
			"to": [12.4, 11, 15],
			"rotation": {"angle": 22.5, "axis": "z", "origin": [12.1, 1, 11.5]},
			"faces": {
				"north": {"uv": [10.25, 3, 10.5, 5.5], "texture": "#6"},
				"east": {"uv": [8, 0, 9.75, 2.5], "texture": "#6"},
				"south": {"uv": [10.25, 5.5, 10.5, 8], "texture": "#6"},
				"west": {"uv": [8, 2.5, 9.75, 5], "texture": "#6"},
				"up": {"uv": [11.25, 7.75, 11, 6], "texture": "#6"},
				"down": {"uv": [11.25, 7.75, 11, 9.5], "texture": "#6"}
			}
		},
		{
			"from": [10.4, 0, 8],
			"to": [11.4, 12, 16],
			"rotation": {"angle": 22.5, "axis": "z", "origin": [12.1, 1, 11.5]},
			"faces": {
				"north": {"uv": [9.75, 6, 10, 9], "texture": "#6"},
				"east": {"uv": [4, 0, 6, 3], "texture": "#6"},
				"south": {"uv": [9.75, 9, 10, 12], "texture": "#6"},
				"west": {"uv": [4, 3, 6, 6], "texture": "#6"},
				"up": {"uv": [11, 4, 10.75, 2], "texture": "#6"},
				"down": {"uv": [11, 4, 10.75, 6], "texture": "#6"}
			}
		},
		{
			"from": [10.65, 0, 7.75],
			"to": [13.15, 12, 8],
			"rotation": {"angle": 22.5, "axis": "z", "origin": [12.1, 1, 11.5]},
			"faces": {
				"north": {"uv": [3.5, 9, 4.25, 12], "texture": "#6"},
				"east": {"uv": [10, 0, 10.25, 3], "texture": "#6"},
				"south": {"uv": [4.25, 9, 5, 12], "texture": "#6"},
				"west": {"uv": [10, 3, 10.25, 6], "texture": "#6"},
				"up": {"uv": [12, 5.5, 11.25, 5.25], "texture": "#6"},
				"down": {"uv": [12, 5.5, 11.25, 5.75], "texture": "#6"}
			}
		},
		{
			"from": [3.6, 0.05, 7.75],
			"to": [6.1, 12.05, 8],
			"rotation": {"angle": 0, "axis": "y", "origin": [8.5, 1.25, 8]},
			"faces": {
				"north": {"uv": [6.5, 9, 7, 12], "texture": "#6"},
				"east": {"uv": [10, 6, 10.25, 9], "texture": "#6"},
				"south": {"uv": [7, 9, 7.5, 12], "texture": "#6"},
				"west": {"uv": [8, 10, 8.25, 13], "texture": "#6"},
				"up": {"uv": [11.75, 6.5, 11.25, 6.25], "texture": "#6"},
				"down": {"uv": [11.75, 6.5, 11.25, 6.75], "texture": "#6"}
			}
		},
		{
			"from": [3.35, 0.05, 8],
			"to": [4.35, 12.05, 16],
			"rotation": {"angle": 0, "axis": "y", "origin": [8.5, 1.25, 8]},
			"faces": {
				"north": {"uv": [8.25, 10, 8.5, 13], "texture": "#6"},
				"east": {"uv": [0, 6, 2, 9], "texture": "#6"},
				"south": {"uv": [8.5, 10, 8.75, 13], "texture": "#6"},
				"west": {"uv": [6, 0, 8, 3], "texture": "#6"},
				"up": {"uv": [11, 8, 10.75, 6], "texture": "#6"},
				"down": {"uv": [11, 8, 10.75, 10], "texture": "#6"}
			}
		},
		{
			"from": [4.35, 1.05, 8],
			"to": [5.35, 11.05, 15],
			"rotation": {"angle": 0, "axis": "y", "origin": [8.5, 1.25, 8]},
			"faces": {
				"north": {"uv": [10.25, 8, 10.5, 10.5], "texture": "#6"},
				"east": {"uv": [8, 5, 9.75, 7.5], "texture": "#6"},
				"south": {"uv": [10.5, 0, 10.75, 2.5], "texture": "#6"},
				"west": {"uv": [8, 7.5, 9.75, 10], "texture": "#6"},
				"up": {"uv": [11.25, 11.25, 11, 9.5], "texture": "#6"},
				"down": {"uv": [11.5, 0, 11.25, 1.75], "texture": "#6"}
			}
		},
		{
			"from": [5.35, 0.05, 8],
			"to": [6.35, 12.05, 16],
			"rotation": {"angle": 0, "axis": "y", "origin": [8.5, 1.25, 8]},
			"faces": {
				"north": {"uv": [8.75, 10, 9, 13], "texture": "#6"},
				"east": {"uv": [2, 6, 4, 9], "texture": "#6"},
				"south": {"uv": [9, 10, 9.25, 13], "texture": "#6"},
				"west": {"uv": [6, 3, 8, 6], "texture": "#6"},
				"up": {"uv": [11, 12, 10.75, 10], "texture": "#6"},
				"down": {"uv": [11.25, 0, 11, 2], "texture": "#6"}
			}
		},
		{
			"from": [2.35, 0.05, 7.9],
			"to": [3.35, 12.05, 15.9],
			"rotation": {"angle": 0, "axis": "y", "origin": [8, 7.75, 8]},
			"faces": {
				"north": {"uv": [10, 9, 10.25, 12], "texture": "#6"},
				"east": {"uv": [4, 6, 6, 9], "texture": "#6"},
				"south": {"uv": [9.25, 10, 9.5, 13], "texture": "#6"},
				"west": {"uv": [6, 6, 8, 9], "texture": "#6"},
				"up": {"uv": [11.25, 4, 11, 2], "texture": "#6"},
				"down": {"uv": [11.25, 4, 11, 6], "texture": "#6"}
			}
		},
		{
			"from": [1.35, 1.05, 7.9],
			"to": [2.35, 11.05, 14.9],
			"rotation": {"angle": 0, "axis": "y", "origin": [8, 7.75, 8]},
			"faces": {
				"north": {"uv": [10.5, 2.5, 10.75, 5], "texture": "#6"},
				"east": {"uv": [0, 9, 1.75, 11.5], "texture": "#6"},
				"south": {"uv": [10.5, 5, 10.75, 7.5], "texture": "#6"},
				"west": {"uv": [1.75, 9, 3.5, 11.5], "texture": "#6"},
				"up": {"uv": [11.5, 3.5, 11.25, 1.75], "texture": "#6"},
				"down": {"uv": [11.5, 3.5, 11.25, 5.25], "texture": "#6"}
			}
		},
		{
			"from": [0.6, 0.05, 7.65],
			"to": [3.1, 12.05, 7.9],
			"rotation": {"angle": 0, "axis": "y", "origin": [8, 7.75, 8]},
			"faces": {
				"north": {"uv": [5, 9, 5.75, 12], "texture": "#6"},
				"east": {"uv": [9.5, 10, 9.75, 13], "texture": "#6"},
				"south": {"uv": [5.75, 9, 6.5, 12], "texture": "#6"},
				"west": {"uv": [10.25, 0, 10.5, 3], "texture": "#6"},
				"up": {"uv": [12, 6, 11.25, 5.75], "texture": "#6"},
				"down": {"uv": [12, 6, 11.25, 6.25], "texture": "#6"}
			}
		}
	],
	"display": {
		"thirdperson_righthand": {
			"translation": [0, 3.5, 1.5],
			"scale": [0.41, 0.41, 0.41]
		},
		"thirdperson_lefthand": {
			"translation": [0, 3.75, 2.5],
			"scale": [0.41, 0.41, 0.41]
		},
		"firstperson_righthand": {
			"translation": [0, 7.25, 0]
		},
		"firstperson_lefthand": {
			"translation": [0, 8.75, 0]
		},
		"ground": {
			"translation": [0, 0.5, 0],
			"scale": [0.41, 0.41, 0.41]
		},
		"gui": {
			"rotation": [10.53, 17.81, 1.37],
			"translation": [-0.5, 2, 0],
			"scale": [0.82813, 0.82813, 0.82813]
		},
		"head": {
			"translation": [0, 14.5, 0]
		}
	},
	"groups": [
		{
			"name": "book_stack2",
			"origin": [8, 8, 8],
			"color": 0,
			"children": [0, 1, 2, 3, 4, 5, 6, 7, 8, 9, 10, 11]
		}
	]
}