{
	"credit": "Made with Blockbench",
	"parent": "book_stack",
	"texture_size": [128, 128],
	"textures": {
		"2": "book_stack2",
		"particle": "block/debug"
	},
	"elements": [
		{
			"from": [0.35, 0.05, 7.9],
			"to": [1.35, 12.05, 15.9],
			"rotation": {"angle": 0, "axis": "y", "origin": [8, 7.75, 8]},
			"faces": {
				"north": {"uv": [5.5, 6.25, 5.625, 7.75], "texture": "#2"},
				"east": {"uv": [2, 3, 3, 4.5], "texture": "#2"},
				"south": {"uv": [5.625, 6.25, 5.75, 7.75], "texture": "#2"},
				"west": {"uv": [3, 3, 4, 4.5], "texture": "#2"},
				"up": {"uv": [7.375, 2, 7.25, 1], "texture": "#2"},
				"down": {"uv": [7.375, 2, 7.25, 3], "texture": "#2"}
			}
		},
		{
			"from": [8.4, 0, 8],
			"to": [9.4, 12, 16],
			"rotation": {"angle": 0, "axis": "y", "origin": [19.5, 1, 8]},
			"faces": {
				"north": {"uv": [3.75, 6, 3.875, 7.5], "texture": "#2"},
				"east": {"uv": [0, 0, 1, 1.5], "texture": "#2"},
				"south": {"uv": [3.875, 6, 4, 7.5], "texture": "#2"},
				"west": {"uv": [1, 0, 2, 1.5], "texture": "#2"},
				"up": {"uv": [7.125, 7.25, 7, 6.25], "texture": "#2"},
				"down": {"uv": [7.25, 0, 7.125, 1], "texture": "#2"}
			}
		},
		{
			"from": [7.4, 1, 8],
			"to": [8.4, 11, 15],
			"rotation": {"angle": 0, "axis": "y", "origin": [19.5, 1, 8]},
			"faces": {
				"north": {"uv": [6.875, 1.5, 7, 2.75], "texture": "#2"},
				"east": {"uv": [5, 0, 5.875, 1.25], "texture": "#2"},
				"south": {"uv": [6.875, 2.75, 7, 4], "texture": "#2"},
				"west": {"uv": [5, 1.25, 5.875, 2.5], "texture": "#2"},
				"up": {"uv": [7.5, 2.875, 7.375, 2], "texture": "#2"},
				"down": {"uv": [7.5, 2.875, 7.375, 3.75], "texture": "#2"}
			}
		},
		{
			"from": [6.4, 0, 8],
			"to": [7.4, 12, 16],
			"rotation": {"angle": 0, "axis": "y", "origin": [19.5, 1, 8]},
			"faces": {
				"north": {"uv": [4, 6, 4.125, 7.5], "texture": "#2"},
				"east": {"uv": [0, 1.5, 1, 3], "texture": "#2"},
				"south": {"uv": [4.125, 6, 4.25, 7.5], "texture": "#2"},
				"west": {"uv": [1, 1.5, 2, 3], "texture": "#2"},
				"up": {"uv": [7.25, 2, 7.125, 1], "texture": "#2"},
				"down": {"uv": [7.25, 2, 7.125, 3], "texture": "#2"}
			}
		},
		{
			"from": [6.65, 0, 7.75],
			"to": [9.15, 12, 8],
			"rotation": {"angle": 0, "axis": "y", "origin": [19.5, 1, 8]},
			"faces": {
				"north": {"uv": [0, 6, 0.375, 7.5], "texture": "#2"},
				"east": {"uv": [4.25, 6, 4.375, 7.5], "texture": "#2"},
				"south": {"uv": [0.375, 6, 0.75, 7.5], "texture": "#2"},
				"west": {"uv": [4.375, 6, 4.5, 7.5], "texture": "#2"},
				"up": {"uv": [0.625, 7.625, 0.25, 7.5], "texture": "#2"},
				"down": {"uv": [1, 7.5, 0.625, 7.625], "texture": "#2"}
			}
		},
		{
			"from": [3.6, 0.05, 7.75],
			"to": [6.1, 12.05, 8],
			"rotation": {"angle": 0, "axis": "y", "origin": [8.5, 1.25, 8]},
			"faces": {
				"north": {"uv": [0.75, 6, 1.125, 7.5], "texture": "#2"},
				"east": {"uv": [4.5, 6, 4.625, 7.5], "texture": "#2"},
				"south": {"uv": [1.125, 6, 1.5, 7.5], "texture": "#2"},
				"west": {"uv": [4.625, 6, 4.75, 7.5], "texture": "#2"},
				"up": {"uv": [7.875, 1, 7.5, 0.875], "texture": "#2"},
				"down": {"uv": [1.375, 7.5, 1, 7.625], "texture": "#2"}
			}
		},
		{
			"from": [9.35, 0.05, 8],
			"to": [10.35, 12.05, 16],
			"rotation": {"angle": 0, "axis": "y", "origin": [8.5, 1.25, 8]},
			"faces": {
				"north": {"uv": [6.5, 6.25, 6.625, 7.75], "texture": "#2"},
				"east": {"uv": [4, 3, 5, 4.5], "texture": "#2"},
				"south": {"uv": [6.625, 6.25, 6.75, 7.75], "texture": "#2"},
				"west": {"uv": [0, 4.5, 1, 6], "texture": "#2"},
				"up": {"uv": [7.375, 6, 7.25, 5], "texture": "#2"},
				"down": {"uv": [7.375, 6, 7.25, 7], "texture": "#2"}
			}
		},
		{
			"from": [10.35, 1.05, 8],
			"to": [11.35, 11.05, 15],
			"rotation": {"angle": 0, "axis": "y", "origin": [8.5, 1.25, 8]},
			"faces": {
				"north": {"uv": [7, 1.25, 7.125, 2.5], "texture": "#2"},
				"east": {"uv": [5.875, 1.25, 6.75, 2.5], "texture": "#2"},
				"south": {"uv": [7, 2.5, 7.125, 3.75], "texture": "#2"},
				"west": {"uv": [5.875, 2.5, 6.75, 3.75], "texture": "#2"},
				"up": {"uv": [7.5, 8.125, 7.375, 7.25], "texture": "#2"},
				"down": {"uv": [0.125, 7.5, 0, 8.375], "texture": "#2"}
			}
		},
		{
			"from": [11.35, 0.05, 8],
			"to": [12.35, 12.05, 16],
			"rotation": {"angle": 0, "axis": "y", "origin": [8.5, 1.25, 8]},
			"faces": {
				"north": {"uv": [6.25, 6.25, 6.375, 7.75], "texture": "#2"},
				"east": {"uv": [4, 0, 5, 1.5], "texture": "#2"},
				"south": {"uv": [6.375, 6.25, 6.5, 7.75], "texture": "#2"},
				"west": {"uv": [4, 1.5, 5, 3], "texture": "#2"},
				"up": {"uv": [7.375, 4, 7.25, 3], "texture": "#2"},
				"down": {"uv": [7.375, 4, 7.25, 5], "texture": "#2"}
			}
		},
		{
			"from": [9.6, 0.05, 7.75],
			"to": [12.1, 12.05, 8],
			"rotation": {"angle": 0, "axis": "y", "origin": [8.5, 1.25, 8]},
			"faces": {
				"north": {"uv": [2.25, 6, 2.625, 7.5], "texture": "#2"},
				"east": {"uv": [6, 6.25, 6.125, 7.75], "texture": "#2"},
				"south": {"uv": [2.625, 6, 3, 7.5], "texture": "#2"},
				"west": {"uv": [6.125, 6.25, 6.25, 7.75], "texture": "#2"},
				"up": {"uv": [7.875, 1.375, 7.5, 1.25], "texture": "#2"},
				"down": {"uv": [1.75, 7.5, 1.375, 7.625], "texture": "#2"}
			}
		},
		{
			"from": [3.35, 0.05, 8],
			"to": [4.35, 12.05, 16],
			"rotation": {"angle": 0, "axis": "y", "origin": [8.5, 1.25, 8]},
			"faces": {
				"north": {"uv": [4.75, 6, 4.875, 7.5], "texture": "#2"},
				"east": {"uv": [2, 0, 3, 1.5], "texture": "#2"},
				"south": {"uv": [4.875, 6, 5, 7.5], "texture": "#2"},
				"west": {"uv": [2, 1.5, 3, 3], "texture": "#2"},
				"up": {"uv": [7.25, 4, 7.125, 3], "texture": "#2"},
				"down": {"uv": [7.25, 4, 7.125, 5], "texture": "#2"}
			}
		},
		{
			"from": [4.35, 1.05, 8],
			"to": [5.35, 11.05, 15],
			"rotation": {"angle": 0, "axis": "y", "origin": [8.5, 1.25, 8]},
			"faces": {
				"north": {"uv": [6.875, 4, 7, 5.25], "texture": "#2"},
				"east": {"uv": [5, 2.5, 5.875, 3.75], "texture": "#2"},
				"south": {"uv": [6.875, 5.25, 7, 6.5], "texture": "#2"},
				"west": {"uv": [5, 3.75, 5.875, 5], "texture": "#2"},
				"up": {"uv": [7.5, 4.625, 7.375, 3.75], "texture": "#2"},
				"down": {"uv": [7.5, 4.625, 7.375, 5.5], "texture": "#2"}
			}
		},
		{
			"from": [5.35, 0.05, 8],
			"to": [6.35, 12.05, 16],
			"rotation": {"angle": 0, "axis": "y", "origin": [8.5, 1.25, 8]},
			"faces": {
				"north": {"uv": [5, 6.25, 5.125, 7.75], "texture": "#2"},
				"east": {"uv": [0, 3, 1, 4.5], "texture": "#2"},
				"south": {"uv": [5.125, 6.25, 5.25, 7.75], "texture": "#2"},
				"west": {"uv": [3, 0, 4, 1.5], "texture": "#2"},
				"up": {"uv": [7.25, 6, 7.125, 5], "texture": "#2"},
				"down": {"uv": [7.25, 6, 7.125, 7], "texture": "#2"}
			}
		},
		{
			"from": [2.35, 0.05, 7.9],
			"to": [3.35, 12.05, 15.9],
			"rotation": {"angle": 0, "axis": "y", "origin": [8, 7.75, 8]},
			"faces": {
				"north": {"uv": [5.25, 6.25, 5.375, 7.75], "texture": "#2"},
				"east": {"uv": [1, 3, 2, 4.5], "texture": "#2"},
				"south": {"uv": [5.375, 6.25, 5.5, 7.75], "texture": "#2"},
				"west": {"uv": [3, 1.5, 4, 3], "texture": "#2"},
				"up": {"uv": [7.25, 8, 7.125, 7], "texture": "#2"},
				"down": {"uv": [7.375, 0, 7.25, 1], "texture": "#2"}
			}
		},
		{
			"from": [1.35, 1.05, 7.9],
			"to": [2.35, 11.05, 14.9],
			"rotation": {"angle": 0, "axis": "y", "origin": [8, 7.75, 8]},
			"faces": {
				"north": {"uv": [6.875, 6.5, 7, 7.75], "texture": "#2"},
				"east": {"uv": [5, 5, 5.875, 6.25], "texture": "#2"},
				"south": {"uv": [7, 0, 7.125, 1.25], "texture": "#2"},
				"west": {"uv": [5.875, 0, 6.75, 1.25], "texture": "#2"},
				"up": {"uv": [7.5, 6.375, 7.375, 5.5], "texture": "#2"},
				"down": {"uv": [7.5, 6.375, 7.375, 7.25], "texture": "#2"}
			}
		},
		{
			"from": [0.6, 0.05, 7.65],
			"to": [3.1, 12.05, 7.9],
			"rotation": {"angle": 0, "axis": "y", "origin": [8, 7.75, 8]},
			"faces": {
				"north": {"uv": [1.5, 6, 1.875, 7.5], "texture": "#2"},
				"east": {"uv": [5.75, 6.25, 5.875, 7.75], "texture": "#2"},
				"south": {"uv": [1.875, 6, 2.25, 7.5], "texture": "#2"},
				"west": {"uv": [5.875, 6.25, 6, 7.75], "texture": "#2"},
				"up": {"uv": [7.875, 1.125, 7.5, 1], "texture": "#2"},
				"down": {"uv": [7.875, 1.125, 7.5, 1.25], "texture": "#2"}
			}
		},
		{
			"from": [12.35, 0.05, 8.1],
			"to": [13.35, 12.05, 16.1],
			"rotation": {"angle": 0, "axis": "y", "origin": [8, 7.75, 8]},
			"faces": {
				"north": {"uv": [6.75, 6, 6.875, 7.5], "texture": "#2"},
				"east": {"uv": [3, 4.5, 4, 6], "texture": "#2"},
				"south": {"uv": [6.875, 0, 7, 1.5], "texture": "#2"},
				"west": {"uv": [4, 4.5, 5, 6], "texture": "#2"},
				"up": {"uv": [7.5, 1, 7.375, 0], "texture": "#2"},
				"down": {"uv": [7.5, 1, 7.375, 2], "texture": "#2"}
			}
		},
		{
			"from": [13.35, 1.05, 8.1],
			"to": [14.35, 11.05, 15.1],
			"rotation": {"angle": 0, "axis": "y", "origin": [8, 7.75, 8]},
			"faces": {
				"north": {"uv": [7, 3.75, 7.125, 5], "texture": "#2"},
				"east": {"uv": [5.875, 3.75, 6.75, 5], "texture": "#2"},
				"south": {"uv": [7, 5, 7.125, 6.25], "texture": "#2"},
				"west": {"uv": [5.875, 5, 6.75, 6.25], "texture": "#2"},
				"up": {"uv": [7.625, 0.875, 7.5, 0], "texture": "#2"},
				"down": {"uv": [0.25, 7.5, 0.125, 8.375], "texture": "#2"}
			}
		},
		{
			"from": [14.35, 0.05, 8.1],
			"to": [15.35, 12.05, 16.1],
			"rotation": {"angle": 0, "axis": "y", "origin": [8, 7.75, 8]},
			"faces": {
				"north": {"uv": [6.75, 3, 6.875, 4.5], "texture": "#2"},
				"east": {"uv": [1, 4.5, 2, 6], "texture": "#2"},
				"south": {"uv": [6.75, 4.5, 6.875, 6], "texture": "#2"},
				"west": {"uv": [2, 4.5, 3, 6], "texture": "#2"},
				"up": {"uv": [7.125, 8.25, 7, 7.25], "texture": "#2"},
				"down": {"uv": [7.375, 7, 7.25, 8], "texture": "#2"}
			}
		},
		{
			"from": [12.6, 0.05, 7.85],
			"to": [15.1, 12.05, 8.1],
			"rotation": {"angle": 0, "axis": "y", "origin": [8, 7.75, 8]},
			"faces": {
				"north": {"uv": [3, 6, 3.375, 7.5], "texture": "#2"},
				"east": {"uv": [6.75, 0, 6.875, 1.5], "texture": "#2"},
				"south": {"uv": [3.375, 6, 3.75, 7.5], "texture": "#2"},
				"west": {"uv": [6.75, 1.5, 6.875, 3], "texture": "#2"},
				"up": {"uv": [7.875, 1.5, 7.5, 1.375], "texture": "#2"},
				"down": {"uv": [7.875, 1.5, 7.5, 1.625], "texture": "#2"}
			}
		}
	],
	"display": {
		"thirdperson_righthand": {
			"translation": [0, 3.5, 1.5],
			"scale": [0.41, 0.41, 0.41]
		},
		"thirdperson_lefthand": {
			"translation": [0, 3.75, 2.5],
			"scale": [0.41, 0.41, 0.41]
		},
		"firstperson_righthand": {
			"translation": [0, 7.25, 0]
		},
		"firstperson_lefthand": {
			"translation": [0, 8.75, 0]
		},
		"ground": {
			"translation": [0, 0.5, 0],
			"scale": [0.41, 0.41, 0.41]
		},
		"gui": {
			"rotation": [10.53, 17.81, 1.37],
			"translation": [-0.5, 2, 0],
			"scale": [0.82813, 0.82813, 0.82813]
		},
		"head": {
			"translation": [0, 14.5, 0]
		}
	},
	"groups": [
		{
			"name": "book_stack2",
			"origin": [8, 8, 8],
			"color": 0,
			"children": [0, 1, 2, 3, 4, 5, 6, 7, 8, 9, 10, 11, 12, 13, 14, 15, 16, 17, 18, 19]
		}
	]
}