{
	"credit": "Made with Blockbench",
	"texture_size": [32, 32],
	"textures": {
		"0": "breakablepot",
		"particle": "breakablepot"
	},
	"elements": [
		{
			"from": [5, 0, 5],
			"to": [11, 1, 11],
			"rotation": {"angle": 0, "axis": "y", "origin": [7, 0, 8]},
			"faces": {
				"north": {"uv": [11, 0, 14, 0.5], "texture": "#0"},
				"east": {"uv": [11, 0.5, 14, 1], "texture": "#0"},
				"south": {"uv": [11, 1, 14, 1.5], "texture": "#0"},
				"west": {"uv": [11, 1.5, 14, 2], "texture": "#0"},
				"up": {"uv": [3, 11, 0, 8], "texture": "#0"},
				"down": {"uv": [11, 0, 8, 3], "texture": "#0"}
			}
		},
		{
			"from": [5, 6, 5],
			"to": [11, 7, 11],
			"rotation": {"angle": 0, "axis": "y", "origin": [7, 6, 8]},
			"faces": {
				"north": {"uv": [11, 2, 14, 2.5], "texture": "#0"},
				"east": {"uv": [11, 2.5, 14, 3], "texture": "#0"},
				"south": {"uv": [11, 3, 14, 3.5], "texture": "#0"},
				"west": {"uv": [11, 3.5, 14, 4], "texture": "#0"},
				"up": {"uv": [11, 6, 8, 3], "texture": "#0"},
				"down": {"uv": [11, 6, 8, 9], "texture": "#0"}
			}
		},
		{
			"from": [6, 7, 6],
			"to": [10, 8, 10],
			"rotation": {"angle": 0, "axis": "y", "origin": [7, 7, 8]},
			"faces": {
				"north": {"uv": [11, 6, 13, 6.5], "texture": "#0"},
				"east": {"uv": [11, 6.5, 13, 7], "texture": "#0"},
				"south": {"uv": [11, 7, 13, 7.5], "texture": "#0"},
				"west": {"uv": [11, 7.5, 13, 8], "texture": "#0"},
				"up": {"uv": [8, 12, 6, 10], "texture": "#0"},
				"down": {"uv": [2, 11, 0, 13], "texture": "#0"}
			}
		},
		{
			"from": [5, 8, 5],
			"to": [11, 9, 11],
			"rotation": {"angle": 0, "axis": "y", "origin": [7, 8, 8]},
			"faces": {
				"north": {"uv": [11, 4, 14, 4.5], "texture": "#0"},
				"east": {"uv": [11, 4.5, 14, 5], "texture": "#0"},
				"south": {"uv": [11, 5, 14, 5.5], "texture": "#0"},
				"west": {"uv": [11, 5.5, 14, 6], "texture": "#0"},
				"up": {"uv": [11, 12, 8, 9], "texture": "#0"},
				"down": {"uv": [6, 10, 3, 13], "texture": "#0"}
			}
		},
		{
			"from": [4, 1, 4],
			"to": [12, 6, 12],
			"rotation": {"angle": 0, "axis": "y", "origin": [7, 1, 8]},
			"faces": {
				"north": {"uv": [4, 0, 8, 2.5], "texture": "#0"},
				"east": {"uv": [4, 2.5, 8, 5], "texture": "#0"},
				"south": {"uv": [4, 5, 8, 7.5], "texture": "#0"},
				"west": {"uv": [4, 7.5, 8, 10], "texture": "#0"},
				"up": {"uv": [4, 4, 0, 0], "texture": "#0"},
				"down": {"uv": [4, 4, 0, 8], "texture": "#0"}
			}
		}
	],
	"display": {
		"thirdperson_righthand": {
			"translation": [0, 7.75, 0]
		},
		"thirdperson_lefthand": {
			"translation": [0, 7.25, 0]
		},
		"firstperson_righthand": {
			"translation": [0, 7.75, 0]
		},
		"firstperson_lefthand": {
			"translation": [0, 8.75, 0]
		},
		"head": {
			"translation": [0, 15, 0]
		}
	},
	"groups": [
		{
			"name": "group",
			"origin": [8, 8, 8],
			"color": 0,
			"children": [0, 1, 2, 3, 4]
		}
	]
}