{
  "_fv": 34,
  "_type": "recipe",
  "definition": {
    "recipeType": "Crafting",
    "xpReward": 0.0,
    "cookingTime": 200,
    "recipeRetstackSize": 1,
    "group": "",
    "recipeShapeless": false,
    "recipeSlots": [
      {
        "value": "Blocks.POLISHED_ANDESITE_SLAB"
      },
      {
        "value": "Blocks.POLISHED_ANDESITE_SLAB"
      },
      {
        "value": "Blocks.POLISHED_ANDESITE_SLAB"
      },
      {
        "value": "Blocks.PLANKS#0"
      },
      {
        "value": "Blocks.CHEST"
      },
      {
        "value": "Blocks.PLANKS#0"
      },
      {
        "value": "Blocks.LOG#0"
      },
      {
        "value": "Blocks.LOG#0"
      },
      {
        "value": "Blocks.LOG#0"
      }
    ],
    "recipeReturnStack": {
      "value": "CUSTOM:OakDrawsClosed"
    },
    "name": "oak_draws_crafting",
    "namespace": "mod"
  }
}