{
  "_fv": 34,
  "_type": "recipe",
  "definition": {
    "recipeType": "Crafting",
    "xpReward": 0.0,
    "cookingTime": 200,
    "recipeRetstackSize": 1,
    "group": "",
    "recipeShapeless": false,
    "recipeSlots": [
      {
        "value": ""
      },
      {
        "value": "Blocks.LOG#1"
      },
      {
        "value": ""
      },
      {
        "value": "Blocks.LOG#1"
      },
      {
        "value": "Blocks.PLANKS#1"
      },
      {
        "value": "Blocks.LOG#1"
      },
      {
        "value": "Blocks.PLANKS#1"
      },
      {
        "value": "Blocks.PLANKS#1"
      },
      {
        "value": "Blocks.PLANKS#1"
      }
    ],
    "recipeReturnStack": {
      "value": "CUSTOM:SpruceDogHouse"
    },
    "name": "spruce_dog_house_crafting",
    "namespace": "mod"
  }
}