{
  "_fv": 34,
  "_type": "recipe",
  "definition": {
    "recipeType": "Crafting",
    "xpReward": 0.0,
    "cookingTime": 200,
    "recipeRetstackSize": 2,
    "group": "",
    "recipeShapeless": false,
    "recipeSlots": [
      {
        "value": ""
      },
      {
        "value": ""
      },
      {
        "value": ""
      },
      {
        "value": "Blocks.LOG2#1"
      },
      {
        "value": "Blocks.TARGET"
      },
      {
        "value": "Blocks.LOG2#1"
      },
      {
        "value": "Blocks.LOG2#1"
      },
      {
        "value": ""
      },
      {
        "value": "Blocks.LOG2#1"
      }
    ],
    "recipeReturnStack": {
      "value": "CUSTOM:DarkOakTargetStage0"
    },
    "name": "dark_oak_traget_0",
    "namespace": "mod"
  }
}