{
  "_fv": 34,
  "_type": "recipe",
  "definition": {
    "recipeType": "Crafting",
    "xpReward": 0.0,
    "cookingTime": 200,
    "recipeRetstackSize": 2,
    "group": "oak_target",
    "recipeShapeless": false,
    "recipeSlots": [
      {
        "value": ""
      },
      {
        "value": ""
      },
      {
        "value": ""
      },
      {
        "value": "Blocks.LOG#0"
      },
      {
        "value": "Blocks.TARGET"
      },
      {
        "value": "Blocks.LOG#0"
      },
      {
        "value": "Blocks.LOG#0"
      },
      {
        "value": ""
      },
      {
        "value": "Blocks.LOG#0"
      }
    ],
    "recipeReturnStack": {
      "value": "CUSTOM:OakTargetStage0"
    },
    "name": "oak_traget_0",
    "namespace": "mod"
  }
}