{
  "_fv": 34,
  "_type": "recipe",
  "definition": {
    "recipeType": "Crafting",
    "xpReward": 0.0,
    "cookingTime": 200,
    "recipeRetstackSize": 4,
    "group": "polished_limestone_stairs",
    "recipeShapeless": false,
    "recipeSlots": [
      {
        "value": ""
      },
      {
        "value": ""
      },
      {
        "value": "Blocks.AIR"
      },
      {
        "value": ""
      },
      {
        "value": "Blocks.AIR"
      },
      {
        "value": "Blocks.AIR"
      },
      {
        "value": "Blocks.AIR"
      },
      {
        "value": "Blocks.AIR"
      },
      {
        "value": "Blocks.AIR"
      }
    ],
    "recipeReturnStack": {
      "value": "CUSTOM:PolishedLimestoneStairs"
    },
    "name": "polished_limestone_stairs_2",
    "namespace": "mod"
  }
}