{
	"credit": "Made with Blockbench",
	"texture_size": [64, 64],
	"textures": {
		"16": "acacia_desk1",
		"particle": "oak_log"
	},
	"elements": [
		{
			"from": [1, 0, 2],
			"to": [2, 14, 16],
			"rotation": {"angle": 0, "axis": "y", "origin": [1, 0, 0]},
			"faces": {
				"north": {"uv": [0, 10, 0.25, 13.5], "texture": "#16"},
				"east": {"uv": [4, 0, 7.5, 3.5], "texture": "#16"},
				"south": {"uv": [0.25, 10, 0.5, 13.5], "texture": "#16"},
				"west": {"uv": [4, 3.5, 7.5, 7], "texture": "#16"},
				"up": {"uv": [0.75, 13.5, 0.5, 10], "texture": "#16"},
				"down": {"uv": [1, 10, 0.75, 13.5], "texture": "#16"}
			}
		},
		{
			"from": [14, 0, 2],
			"to": [15, 14, 16],
			"rotation": {"angle": 0, "axis": "y", "origin": [14, 0, 0]},
			"faces": {
				"north": {"uv": [1, 10, 1.25, 13.5], "texture": "#16"},
				"east": {"uv": [4, 7, 7.5, 10.5], "texture": "#16"},
				"south": {"uv": [1.25, 10, 1.5, 13.5], "texture": "#16"},
				"west": {"uv": [7.5, 0, 11, 3.5], "texture": "#16"},
				"up": {"uv": [1.75, 13.5, 1.5, 10], "texture": "#16"},
				"down": {"uv": [2, 10, 1.75, 13.5], "texture": "#16"}
			}
		},
		{
			"from": [2, 0, 15],
			"to": [14, 14, 16],
			"rotation": {"angle": 0, "axis": "y", "origin": [0, 0, 16]},
			"faces": {
				"north": {"uv": [7.5, 3.5, 10.5, 7], "texture": "#16"},
				"east": {"uv": [2, 10, 2.25, 13.5], "texture": "#16"},
				"south": {"uv": [7.5, 7, 10.5, 10.5], "texture": "#16"},
				"west": {"uv": [2.25, 10, 2.5, 13.5], "texture": "#16"},
				"up": {"uv": [5.5, 10.75, 2.5, 10.5], "texture": "#16"},
				"down": {"uv": [13.5, 3.5, 10.5, 3.75], "texture": "#16"}
			}
		},
		{
			"from": [0, 14, 0],
			"to": [16, 16, 16],
			"rotation": {"angle": 0, "axis": "y", "origin": [0, 14, 0]},
			"faces": {
				"north": {"uv": [0, 8, 4, 8.5], "texture": "#16"},
				"east": {"uv": [0, 8.5, 4, 9], "texture": "#16"},
				"south": {"uv": [0, 9, 4, 9.5], "texture": "#16"},
				"west": {"uv": [0, 9.5, 4, 10], "texture": "#16"},
				"up": {"uv": [4, 4, 0, 0], "texture": "#16"},
				"down": {"uv": [4, 4, 0, 8], "texture": "#16"}
			}
		}
	],
	"display": {
		"thirdperson_righthand": {
			"rotation": [-135.27, -1.36, 179.4],
			"translation": [0.5, 2.75, 1.75],
			"scale": [0.50586, 0.50586, 0.50586]
		},
		"thirdperson_lefthand": {
			"rotation": [-177.02, 2.35, 178.54],
			"scale": [0.50586, 0.50586, 0.50586]
		},
		"firstperson_righthand": {
			"rotation": [-23.75, -25.25, 0],
			"scale": [0.60156, 0.60156, 0.60156]
		},
		"gui": {
			"rotation": [-152, 36.25, -180],
			"translation": [0, -1, 0],
			"scale": [0.58984, 0.58984, 0.58984]
		}
	}
}