{
	"credit": "Made with Blockbench",
	"texture_size": [64, 64],
	"textures": {
		"16": "Model Textures/Desk/acacia_desk3",
		"particle": "oak_log"
	},
	"elements": [
		{
			"from": [0, 0, 15],
			"to": [16, 14, 16],
			"rotation": {"angle": 0, "axis": "y", "origin": [0, 0, 16]},
			"faces": {
				"north": {"uv": [4, 0, 8, 3.5], "texture": "#16"},
				"east": {"uv": [8, 1, 8.25, 4.5], "texture": "#16"},
				"south": {"uv": [4, 3.5, 8, 7], "texture": "#16"},
				"west": {"uv": [4, 8, 4.25, 11.5], "texture": "#16"},
				"up": {"uv": [12, 0.75, 8, 0.5], "texture": "#16"},
				"down": {"uv": [12, 0.75, 8, 1], "texture": "#16"}
			}
		},
		{
			"from": [0, 14, 0],
			"to": [16, 16, 16],
			"rotation": {"angle": 0, "axis": "y", "origin": [0, 14, 0]},
			"faces": {
				"north": {"uv": [4, 7, 8, 7.5], "texture": "#16"},
				"east": {"uv": [4, 7.5, 8, 8], "texture": "#16"},
				"south": {"uv": [0, 8, 4, 8.5], "texture": "#16"},
				"west": {"uv": [8, 0, 12, 0.5], "texture": "#16"},
				"up": {"uv": [4, 4, 0, 0], "texture": "#16"},
				"down": {"uv": [4, 4, 0, 8], "texture": "#16"}
			}
		}
	],
	"display": {
		"thirdperson_righthand": {
			"rotation": [-135.27, -1.36, 179.4],
			"translation": [0.5, 2.75, 1.75],
			"scale": [0.50586, 0.50586, 0.50586]
		},
		"thirdperson_lefthand": {
			"rotation": [-177.02, 2.35, 178.54],
			"scale": [0.50586, 0.50586, 0.50586]
		},
		"firstperson_righthand": {
			"rotation": [-23.75, -25.25, 0],
			"scale": [0.60156, 0.60156, 0.60156]
		},
		"firstperson_lefthand": {
			"scale": [0.58984, 0.58984, 0.58984]
		},
		"ground": {
			"translation": [0, 13, 0],
			"scale": [0.58984, 0.58984, 0.58984]
		},
		"gui": {
			"rotation": [-152, 36.25, -180],
			"translation": [0, -1, 0],
			"scale": [0.58984, 0.58984, 0.58984]
		},
		"fixed": {
			"translation": [0, 0, -4.5],
			"scale": [0.58984, 0.58984, 0.58984]
		}
	}
}