{
  "_fv": 33,
  "_type": "recipe",
  "definition": {
    "recipeType": "Crafting",
    "xpReward": 0.0,
    "cookingTime": 200,
    "recipeRetstackSize": 1,
    "group": "",
    "recipeShapeless": false,
    "recipeSlots": [
      {
        "value": "Blocks.CRIMSON_STEM"
      },
      {
        "value": "Blocks.CRIMSON_STEM"
      },
      {
        "value": "Blocks.CRIMSON_STEM"
      },
      {
        "value": "Blocks.CRIMSON_PLANKS"
      },
      {
        "value": ""
      },
      {
        "value": "Blocks.CRIMSON_PLANKS"
      },
      {
        "value": "Blocks.CRIMSON_PLANKS"
      },
      {
        "value": "Blocks.CRIMSON_PLANKS"
      },
      {
        "value": "Blocks.CRIMSON_PLANKS"
      }
    ],
    "recipeReturnStack": {
      "value": "CUSTOM:CirmsonDesk"
    },
    "name": "cirmson_desk_crafting",
    "namespace": "mod"
  }
}