{
  "_fv": 33,
  "_type": "gui",
  "definition": {
    "type": 0,
    "width": 176,
    "height": 166,
    "inventoryOffsetX": 0,
    "inventoryOffsetY": 0,
    "renderBgLayer": true,
    "doesPauseGame": false,
    "components": [
      {
        "type": "button",
        "data": {
          "text": "Gravestone",
          "onClick": {
            "name": "ChangeGameruleDoDeathGraveIngame"
          },
          "width": 67,
          "height": 20,
          "name": "Gravestone",
          "x": 132,
          "y": 71
        }
      },
      {
        "type": "label",
        "data": {
          "text": "Gamerule",
          "color": {
            "value": -12829636,
            "falpha": 0.0
          },
          "name": "Gamerule",
          "x": 132,
          "y": 44
        }
      },
      {
        "type": "button",
        "data": {
          "text": "<",
          "onClick": {
            "name": "OpenGuideBook"
          },
          "width": 30,
          "height": 20,
          "name": "<",
          "x": 132,
          "y": 206
        }
      },
      {
        "type": "button",
        "data": {
          "text": ">",
          "width": 30,
          "height": 20,
          "name": ">",
          "x": 267,
          "y": 206
        }
      },
      {
        "type": "label",
        "data": {
          "text": "(This Page Will Update)",
          "color": {
            "value": -12829636,
            "falpha": 0.0
          },
          "name": "(This Page Will Update)",
          "x": 177,
          "y": 44
        }
      }
    ],
    "gridSettings": {
      "sx": 18,
      "sy": 18,
      "ox": 11,
      "oy": 15,
      "snapOnGrid": true
    }
  }
}