{
  "_fv": 34,
  "_type": "recipe",
  "definition": {
    "recipeType": "Crafting",
    "xpReward": 0.0,
    "cookingTime": 200,
    "recipeRetstackSize": 2,
    "group": "",
    "recipeShapeless": false,
    "recipeSlots": [
      {
        "value": ""
      },
      {
        "value": ""
      },
      {
        "value": ""
      },
      {
        "value": "Blocks.WOODEN_SLAB"
      },
      {
        "value": "Blocks.WOODEN_SLAB"
      },
      {
        "value": "Blocks.WOODEN_SLAB"
      },
      {
        "value": "Blocks.WOODEN_SLAB"
      },
      {
        "value": ""
      },
      {
        "value": "Blocks.WOODEN_SLAB"
      }
    ],
    "recipeReturnStack": {
      "value": "CUSTOM:Pallette"
    },
    "name": "pallette_stack",
    "namespace": "mod"
  }
}